Workbook

Sheet Sheet2
A1: 5-digit EIA nr. | B1: EIA nr. | C1: Name | D1: ISIN | E1: Mnemo | F1: Review | G1: Package
A2: 1236 | B2: 1236 | C2: Euronext North America 500 | D2: NL0015436114 | E2: NA500 | F2: Quarterly | G2: NA500
A3: 1237 | B3: 1237 | C3: Euronext World Country Selection | D3: NL0015000E91 | E3: EWCSP | F3: Quarterly | G3: ENXG
A4: 1238 | B4: 1238 | C4: Euronext Transatlantic 50 EW | D4: NL0013216468 | E4: EUS5P | F4: Quarterly | G4: EUS5P
A5: 1239 | B5: 1239 | C5: Euronext Transatlantic ESG Leaders 60 EW | D5: NL0013908775 | E5: ESGTP | F5: Quarterly | G5: CUSTOM
A6: 1240 | B6: 1240 | C6: Euronext Core Euro & Global Climate Change EW | D6: FR0013533551 | E6: ECC5P | F6: Quarterly | G6: CUSTOM
A7: 1241 | B7: 1241 | C7: Euronext US ESGL 20 EW | D7: NL0015000A61 | E7: EUEPR | F7: Quarterly | G7: CUSTOM
A8: 1242 | B8: 1242 | C8: Euronext Transatlantic Circular Economy 50 EW | D8: FR0014003BU4 | E8: TCEPR | F8: Quarterly | G8: CUSTOM
A9: 1243 | B9: 1243 | C9: Euronext Transatlantic Environment 50 | D9: NL0015000BX9 | E9: ETE5P | F9: Quarterly | G9: CUSTOM
A10: 1244 | B10: 1244 | C10: Euronext ESG Biodiversity Screened World | D10: FRESG0000066 | E10: EBSWP | F10: Quarterly | G10: CUSTOM
A11: 1245 | B11: 1245 | C11: Euronext ESG Biodiversity Screened Wld USD | D11: FRESG0000140 | E11: EBSPW | F11: Quarterly | G11: CUSTOM
A12: 1246 | B12: 1246 | C12: Euronext US Screened Climate Ambition 25 EW EUR | D12: FR0014005IJ7 | E12: USCLE | F12: Quarterly | G12: CUSTOM
A13: 1247 | B13: 1247 | C13: Euronext Transatlantic Sustainability and Climate Screened 60 | D13: FR0014005GI3 | E13: TCAMP | F13: Quarterly | G13: NXTG
... A273: 1507 | B273: 1507 | C273: Euronext Euro Leaders | D273: NLIX00008952 | E273: EELD | F273: Quarterly | G273: NXTG

Sheet Sheet1
C1: To update | D1: ISIN | F1: Universe | G1: To rerun | J1: NEW
A2: CSTA | B2: =_xlfn.XLOOKUP(A2,[1]Sheet2!$E$2:$E$273,[1]Sheet2!$B$2:$B$273) -> 1352 | C2: Unilever Share | E2: 2344661130 | F2: EZ300 | G2: Sectorial | J2: RIC | K2: Name | L2: ISIN
A3: DAPPT | B3: =_xlfn.XLOOKUP(A3,[1]Sheet2!$E$2:$E$273,[1]Sheet2!$B$2:$B$273) -> 1331 | J3: LLYVA.O | K3: LIBERTY LIVE A | L3: US5309091008
A4: Sumitomo Riko Company Limited | B4: JP3564200008 | C4: XTKS | D4: 94.425747 | E4: 94.181901 | J4: LLYVK.O | K4: LIBERTY LIVE C | L4: US5309093087 | M4: LIBERTY MEDIA CORPORATION SERIES -C- LIBERTY LIVE
A6: DAREP | B6: =_xlfn.XLOOKUP(A6,[1]Sheet2!$E$2:$E$273,[1]Sheet2!$B$2:$B$273) -> 1371 | C6: TOSEI CORP | D6: JP3595070008 | E6: XTKS | F6: 48683800 | J6: OLD
A7: DASPT | B7: =_xlfn.XLOOKUP(A7,[1]Sheet2!$E$2:$E$273,[1]Sheet2!$B$2:$B$273) -> 1332 | K7: LIBERTY MEDIA A LIVE | L7: US5312297485
A8: DNAPT | B8: =_xlfn.XLOOKUP(A8,[1]Sheet2!$E$2:$E$273,[1]Sheet2!$B$2:$B$273) -> 1330 | C8: F&G ANNUITIES | K8: LIBERTY MEDIA CORPORATION SERIES -C- LIBERTY LIVE | L8: US5312297220
A12: DWREP | B12: =_xlfn.XLOOKUP(A12,[1]Sheet2!$E$2:$E$273,[1]Sheet2!$B$2:$B$273) -> 1373
A13: EDWP | B13: =_xlfn.XLOOKUP(A13,[1]Sheet2!$E$2:$E$273,[1]Sheet2!$B$2:$B$273) -> 1315 | C13: F&G ANNUITIES
A14: EDWPT | B14: =_xlfn.XLOOKUP(A14,[1]Sheet2!$E$2:$E$273,[1]Sheet2!$B$2:$B$273) -> 1327 | C14: F&G ANNUITIES
A15: EEMSC | B15: =_xlfn.XLOOKUP(A15,[1]Sheet2!$E$2:$E$273,[1]Sheet2!$B$2:$B$273) -> 1450 | C15: 3x CA
A16: EESL | B16: =_xlfn.XLOOKUP(A16,[1]Sheet2!$E$2:$E$273,[1]Sheet2!$B$2:$B$273) -> 1449
A17: EJPPT | B17: =_xlfn.XLOOKUP(A17,[1]Sheet2!$E$2:$E$273,[1]Sheet2!$B$2:$B$273) -> 1335
A18: EUMS | B18: =_xlfn.XLOOKUP(A18,[1]Sheet2!$E$2:$E$273,[1]Sheet2!$B$2:$B$273) -> 1448
A19: EUSL | B19: =_xlfn.XLOOKUP(A19,[1]Sheet2!$E$2:$E$273,[1]Sheet2!$B$2:$B$273) -> 1447 | C19: F&G ANNUITIES
A20: EUSPT | B20: =_xlfn.XLOOKUP(A20,[1]Sheet2!$E$2:$E$273,[1]Sheet2!$B$2:$B$273) -> 1334 | C20: F&G ANNUITIES
A21: EWMS | B21: =_xlfn.XLOOKUP(A21,[1]Sheet2!$E$2:$E$273,[1]Sheet2!$B$2:$B$273) -> 1446
A22: EWSL | B22: =_xlfn.XLOOKUP(A22,[1]Sheet2!$E$2:$E$273,[1]Sheet2!$B$2:$B$273) -> 1445
A23: TCST | B23: =_xlfn.XLOOKUP(A23,[1]Sheet2!$E$2:$E$273,[1]Sheet2!$B$2:$B$273) -> 1365 | C23: Unilever Share | E23: 2344661130 | F23: Developed world / NA500 / EU 500
A24: TTEC | B24: =_xlfn.XLOOKUP(A24,[1]Sheet2!$E$2:$E$273,[1]Sheet2!$B$2:$B$273) -> 1360
A25: UTEC | B25: =_xlfn.XLOOKUP(A25,[1]Sheet2!$E$2:$E$273,[1]Sheet2!$B$2:$B$273) -> 1374 | C25: Service now
A28: EUSL | B28: F&G ANNUITIES
A29: EDWPT | B29: F&G ANNUITIES
A30: DNAPT | B30: F&G ANNUITIES
A31: EWSL | B31: ok
A32: EWMS | B32: OK
A33: EUSPT | B33: F&G ANNUITIES
A34: DWREP | B34: ok
A35: EUMS | B35: F&G ANNUITIES
A36: EDWP | B36: F&G ANNUITIES

Sheet Summary
A1: Mnemo | B1: ISIN Count Match | C1: ISIN Set Match | D1: Coen ISINs Count | E1: Dataiku ISINs Count | F1: MIC Match | G1: Shares Match | H1: Free Float Match | I1: Capping Match | J1: Currency Match | K1: Status
A2: EUADP | B2: YES | C2: YES | D2: 14 | E2: 14 | F2: YES | G2: YES | H2: YES | I2: YES | J2: YES | K2: OK
A3: DAPPT | B3: YES | C3: YES | D3: 1893 | E3: 1893 | F3: YES | G3: YES | H3: YES | I3: YES | J3: YES | K3: OK
A4: EUSPT | B4: NO | C4: NO | D4: 1398 | E4: 1399 | F4: NO | G4: NO | H4: NO | I4: NO | J4: NO | K4: ISSUE
A5: ETSEP | B5: YES | C5: YES | D5: 10 | E5: 10 | F5: YES | G5: YES | H5: YES | I5: YES | J5: YES | K5: OK
A6: FRI4P | B6: YES | C6: YES | D6: 40 | E6: 40 | F6: YES | G6: YES | H6: YES | I6: YES | J6: YES | K6: OK
A7: TFINP | B7: YES | C7: YES | D7: 157 | E7: 157 | F7: YES | G7: YES | H7: YES | I7: YES | J7: YES | K7: OK
A8: EUMS | B8: NO | C8: NO | D8: 1268 | E8: 1269 | F8: NO | G8: NO | H8: NO | I8: NO | J8: NO | K8: ISSUE
A9: EEFAP | B9: YES | C9: YES | D9: 10 | E9: 10 | F9: YES | G9: YES | H9: YES | I9: YES | J9: YES | K9: OK
A10: ELUXP | B10: YES | C10: YES | D10: 15 | E10: 15 | F10: YES | G10: YES | H10: YES | I10: YES | J10: YES | K10: OK
A11: ECHP | B11: YES | C11: YES | D11: 24 | E11: 24 | F11: YES | G11: YES | H11: YES | I11: YES | J11: YES | K11: OK
A12: DAREP | B12: YES | C12: YES | D12: 179 | E12: 179 | F12: YES | G12: YES | H12: YES | I12: YES | J12: YES | K12: OK
A13: EUSL | B13: NO | C13: NO | D13: 1068 | E13: 1069 | F13: NO | G13: NO | H13: NO | I13: NO | J13: NO | K13: ISSUE
... A123: AEXEW | B123: YES | C123: YES | D123: 30 | E123: 30 | F123: YES | G123: YES | H123: YES | I123: YES | J123: YES | K123: OK

Sheet ISIN Differences
A1: Mnemo | B1: ISIN | C1: Company | D1: Present In
A2: EUSPT | B2: US30190A1043 | C2: F&G ANNUITIES | D2: Dataiku Only | E2: =_xlfn.XLOOKUP(A2,Sheet2!$E$2:$E$273,Sheet2!$B$2:$B$273) -> 1334
A3: EUMS | B3: US30190A1043 | C3: F&G ANNUITIES | D3: Dataiku Only | E3: =_xlfn.XLOOKUP(A3,Sheet2!$E$2:$E$273,Sheet2!$B$2:$B$273) -> 1448
A4: EUSL | B4: US30190A1043 | C4: F&G ANNUITIES | D4: Dataiku Only | E4: =_xlfn.XLOOKUP(A4,Sheet2!$E$2:$E$273,Sheet2!$B$2:$B$273) -> 1447
A5: DNAPT | B5: US30190A1043 | C5: F&G ANNUITIES | D5: Dataiku Only | E5: =_xlfn.XLOOKUP(A5,Sheet2!$E$2:$E$273,Sheet2!$B$2:$B$273) -> 1330
A6: EDWPT | B6: US30190A1043 | C6: F&G ANNUITIES | D6: Dataiku Only | E6: =_xlfn.XLOOKUP(A6,Sheet2!$E$2:$E$273,Sheet2!$B$2:$B$273) -> 1327
A7: EWMS | B7: US30190A1043 | C7: F&G ANNUITIES | D7: Dataiku Only | E7: =_xlfn.XLOOKUP(A7,Sheet2!$E$2:$E$273,Sheet2!$B$2:$B$273) -> 1446
A8: EWSL | B8: US30190A1043 | C8: F&G ANNUITIES | D8: Dataiku Only | E8: =_xlfn.XLOOKUP(A8,Sheet2!$E$2:$E$273,Sheet2!$B$2:$B$273) -> 1445
A9: EDWP | B9: US30190A1043 | C9: F&G ANNUITIES | D9: Dataiku Only | E9: =_xlfn.XLOOKUP(A9,Sheet2!$E$2:$E$273,Sheet2!$B$2:$B$273) -> 1315
A10: EDWP | B10: JP3409000001 | C10: SUMITOMO REALTY | D10: Dataiku Only | E10: =_xlfn.XLOOKUP(A10,Sheet2!$E$2:$E$273,Sheet2!$B$2:$B$273) -> 1315
