Workbook

Sheet Index Composition
A1: Company | B1: ISIN Code | C1: MIC | D1: Number of Shares | E1: Free Float | F1: Capping Factor | G1: Effective Date of Review | H1: Currency
A2: ADP | B2: FR0010340141 | C2: XPAR | D2: 797115 | E2: 1 | F2: 1 | G2: 23-Jun-25 | H2: EUR
A3: ALSTOM | B3: FR0010220475 | C3: XPAR | D3: 4568387 | E3: 1 | F3: 1 | G3: 23-Jun-25 | H3: EUR
A4: ALTEN | B4: FR0000071946 | C4: XPAR | D4: 1199041 | E4: 1 | F4: 1 | G4: 23-Jun-25 | H4: EUR
A5: AMUNDI | B5: FR0004125920 | C5: XPAR | D5: 1270625 | E5: 1 | F5: 1 | G5: 23-Jun-25 | H5: EUR
A6: ARKEMA | B6: FR0010313833 | C6: XPAR | D6: 1410636 | E6: 1 | F6: 1 | G6: 23-Jun-25 | H6: EUR
A7: AYVENS | B7: FR0013258662 | C7: XPAR | D7: 9824799 | E7: 1 | F7: 1 | G7: 23-Jun-25 | H7: EUR
A8: BIOMERIEUX | B8: FR0013280286 | C8: XPAR | D8: 712401 | E8: 1 | F8: 1 | G8: 23-Jun-25 | H8: EUR
A9: BOLLORE | B9: FR0000039299 | C9: XPAR | D9: 16215598 | E9: 1 | F9: 1 | G9: 23-Jun-25 | H9: EUR
A10: COFACE | B10: FR0010667147 | C10: XPAR | D10: 5297566 | E10: 1 | F10: 1 | G10: 23-Jun-25 | H10: EUR
A11: COVIVIO | B11: FR0000064578 | C11: XPAR | D11: 1651443 | E11: 1 | F11: 1 | G11: 23-Jun-25 | H11: EUR
A12: DASSAULT AVIATION | B12: FR0014004L86 | C12: XPAR | D12: 279121 | E12: 1 | F12: 1 | G12: 23-Jun-25 | H12: EUR
A13: EDENRED | B13: FR0010908533 | C13: XPAR | D13: 3383620 | E13: 1 | F13: 1 | G13: 23-Jun-25 | H13: EUR
... A41: WENDEL | B41: FR0000121204 | C41: XPAR | D41: 998615 | E41: 1 | F41: 1 | G41: 23-Jun-25 | H41: EUR

Sheet Inclusion
A1: Company | B1: ISIN code | C1: MIC
A2: ALSTOM | B2: FR0010220475 | C2: XPAR
A3: EDENRED | B3: FR0010908533 | C3: XPAR
A4: SES | B4: LU0088087324 | C4: XPAR
A5: VUSIONGROUP | B5: FR0010282822 | C5: XPAR

Sheet Exclusion
A1: Company | B1: ISIN code | C1: MIC
A2: BOUYGUES | B2: FR0000120503 | C2: XPAR
A3: FORVIA | B3: FR0000121147 | C3: XPAR
A4: KLEPIERRE | B4: FR0000121964 | C4: XPAR
A5: WORLDLINE | B5: FR0011981968 | C5: XPAR

Sheet Full Universe
A1: Rank | B1: FS Ticker | C1: Company | D1: ISIN code | E1: MIC | F1: Number of Shares | G1: Price | H1: Currency | I1: Capping | J1: Effective Date of Review | K1: #Symbol | L1: FX/Index Ccy | M1: Close Prc_EOD | N1: Close Prc_CO | O1: Number of issued shares | P1: Free Float Round: | Q1: Free Float | R1: FFMC | S1: Unrounded NOSH
A2: 1 | C2: ACCOR | D2: FR0000120404 | E2: XPAR | F2: 243622860 | H2: EUR | I2: 1 | J2: 23-Jun-25 | K2: FR0000120404 | L2: 1 | M2: 43 | N2: 46 | O2: 244966893 | P2: 0.85 | Q2: 0.85 | R2: 9.5782055e+09 | S2: 1979811.3 | T2: =_xlfn.XLOOKUP(D2,[1]generation_steps!$C$5681:$C$11599,[1]generation_steps!$E$5681:$E$11599) -> 0.85 | U2: =_xlfn.XLOOKUP(D2,[1]generation_steps!$C$5681:$C$11599,[1]generation_steps!$F$5681:$F$11599) -> 244966893 | V2: =_xlfn.XLOOKUP(D2,[1]generation_steps!$C$5681:$C$11599,[1]generation_steps!$L$5681:$L$11599) -> 46 | W2: =V2=N2 -> TRUE | X2: =U2=O2 -> TRUE | Y2: =0.025*'Index Market Cap'!$A$2 -> 85131888 | Z2: =Y2/V2 -> 1850693.2
A3: 2 | C3: ADP | D3: FR0010340141 | E3: XPAR | F3: 98960602 | H3: EUR | I3: 1 | J3: 23-Jun-25 | K3: FR0010340141 | L3: 1 | M3: 106.8 | N3: 114.2 | O3: 98960602 | P3: 0.3 | Q3: 0.3 | R3: 3.3903902e+09 | S3: 797115.05 | T3: =_xlfn.XLOOKUP(D3,[1]generation_steps!$C$5681:$C$11599,[1]generation_steps!$E$5681:$E$11599) -> 0.3 | U3: =_xlfn.XLOOKUP(D3,[1]generation_steps!$C$5681:$C$11599,[1]generation_steps!$F$5681:$F$11599) -> 98960602 | V3: =_xlfn.XLOOKUP(D3,[1]generation_steps!$C$5681:$C$11599,[1]generation_steps!$L$5681:$L$11599) -> 114.2 | W3: =V3=N3 -> TRUE | X3: =U3=O3 -> TRUE | Y3: =0.025*'Index Market Cap'!$A$2 -> 85131888 | Z3: =Y3/V3 -> 745463.11
A4: 3 | C4: AIR FRANCE -KLM | D4: FR001400J770 | E4: XPAR | F4: 262769869 | H4: EUR | I4: 1 | J4: 23-Jun-25 | K4: FR001400J770 | L4: 1 | M4: 8.05 | N4: 8.488 | O4: 262769869 | P4: 0.55 | Q4: 0.55 | R4: 1.2267149e+09 | S4: 10575390 | T4: =_xlfn.XLOOKUP(D4,[1]generation_steps!$C$5681:$C$11599,[1]generation_steps!$E$5681:$E$11599) -> 0.55 | U4: =_xlfn.XLOOKUP(D4,[1]generation_steps!$C$5681:$C$11599,[1]generation_steps!$F$5681:$F$11599) -> 262769869 | V4: =_xlfn.XLOOKUP(D4,[1]generation_steps!$C$5681:$C$11599,[1]generation_steps!$L$5681:$L$11599) -> 8.488 | W4: =V4=N4 -> TRUE | X4: =U4=O4 -> TRUE | Y4: =0.025*'Index Market Cap'!$A$2 -> 85131888 | Z4: =Y4/V4 -> 10029676
A5: 4 | C5: AIR LIQUIDE | D5: FR0000120073 | E5: XPAR | F5: 578131063 | H5: EUR | I5: 1 | J5: 23-Jun-25 | K5: FR0000120073 | L5: 1 | M5: 182.24 | N5: 183.92 | O5: 578439151 | P5: 1 | Q5: 1 | R5: 1.0638653e+11 | S5: 467141.61 | T5: =_xlfn.XLOOKUP(D5,[1]generation_steps!$C$5681:$C$11599,[1]generation_steps!$E$5681:$E$11599) -> 1 | U5: =_xlfn.XLOOKUP(D5,[1]generation_steps!$C$5681:$C$11599,[1]generation_steps!$F$5681:$F$11599) -> 578439151 | V5: =_xlfn.XLOOKUP(D5,[1]generation_steps!$C$5681:$C$11599,[1]generation_steps!$L$5681:$L$11599) -> 183.92 | W5: =V5=N5 -> TRUE | X5: =U5=O5 -> TRUE | Y5: =0.025*'Index Market Cap'!$A$2 -> 85131888 | Z5: =Y5/V5 -> 462874.55
A6: 5 | C6: AIRBUS | D6: NL0000235190 | E6: XPAR | F6: 792283683 | H6: EUR | I6: 1 | J6: 23-Jun-25 | K6: NL0000235190 | L6: 1 | M6: 160.74 | N6: 157.3 | O6: 792283683 | P6: 0.75 | Q6: 0.75 | R6: 9.3469668e+10 | S6: 529624.78 | T6: =_xlfn.XLOOKUP(D6,[1]generation_steps!$C$5681:$C$11599,[1]generation_steps!$E$5681:$E$11599) -> 0.75 | U6: =_xlfn.XLOOKUP(D6,[1]generation_steps!$C$5681:$C$11599,[1]generation_steps!$F$5681:$F$11599) -> 792283683 | V6: =_xlfn.XLOOKUP(D6,[1]generation_steps!$C$5681:$C$11599,[1]generation_steps!$L$5681:$L$11599) -> 157.3 | W6: =V6=N6 -> TRUE | X6: =U6=O6 -> TRUE | Y6: =0.025*'Index Market Cap'!$A$2 -> 85131888 | Z6: =Y6/V6 -> 541207.17
A7: 6 | C7: ALSTOM | D7: FR0010220475 | E7: XPAR | F7: 461509585 | H7: EUR | I7: 1 | J7: 23-Jun-25 | K7: FR0010220475 | L7: 1 | M7: 18.635 | N7: 18.475 | O7: 461944866 | P7: 0.75 | Q7: 0.75 | R7: 6.4008235e+09 | S7: 4568386.8 | T7: =_xlfn.XLOOKUP(D7,[1]generation_steps!$C$5681:$C$11599,[1]generation_steps!$E$5681:$E$11599) -> 0.75 | U7: =_xlfn.XLOOKUP(D7,[1]generation_steps!$C$5681:$C$11599,[1]generation_steps!$F$5681:$F$11599) -> 461944866 | V7: =_xlfn.XLOOKUP(D7,[1]generation_steps!$C$5681:$C$11599,[1]generation_steps!$L$5681:$L$11599) -> 18.475 | W7: =V7=N7 -> TRUE | X7: =U7=O7 -> TRUE | Y7: =0.025*'Index Market Cap'!$A$2 -> 85131888 | Z7: =Y7/V7 -> 4607950.6
A8: 7 | C8: ALTEN | D8: FR0000071946 | E8: XPAR | F8: 35209501 | H8: EUR | I8: 1 | J8: 23-Jun-25 | K8: FR0000071946 | L8: 1 | M8: 71 | N8: 71.85 | O8: 35266866 | P8: 0.85 | Q8: 0.85 | R8: 2.1538357e+09 | S8: 1199040.7 | T8: =_xlfn.XLOOKUP(D8,[1]generation_steps!$C$5681:$C$11599,[1]generation_steps!$E$5681:$E$11599) -> 0.85 | U8: =_xlfn.XLOOKUP(D8,[1]generation_steps!$C$5681:$C$11599,[1]generation_steps!$F$5681:$F$11599) -> 35266866 | V8: =_xlfn.XLOOKUP(D8,[1]generation_steps!$C$5681:$C$11599,[1]generation_steps!$L$5681:$L$11599) -> 71.85 | W8: =V8=N8 -> TRUE | X8: =U8=O8 -> TRUE | Y8: =0.025*'Index Market Cap'!$A$2 -> 85131888 | Z8: =Y8/V8 -> 1184855.8
A9: 8 | C9: AMUNDI | D9: FR0004125920 | E9: XPAR | F9: 205419262 | H9: EUR | I9: 1 | J9: 23-Jun-25 | K9: FR0004125920 | L9: 1 | M9: 67 | N9: 72.35 | O9: 205419262 | P9: 0.3 | Q9: 0.3 | R9: 4.4586251e+09 | S9: 1270625.2 | T9: =_xlfn.XLOOKUP(D9,[1]generation_steps!$C$5681:$C$11599,[1]generation_steps!$E$5681:$E$11599) -> 0.3 | U9: =_xlfn.XLOOKUP(D9,[1]generation_steps!$C$5681:$C$11599,[1]generation_steps!$F$5681:$F$11599) -> 205419262 | V9: =_xlfn.XLOOKUP(D9,[1]generation_steps!$C$5681:$C$11599,[1]generation_steps!$L$5681:$L$11599) -> 72.35 | W9: =V9=N9 -> TRUE | X9: =U9=O9 -> TRUE | Y9: =0.025*'Index Market Cap'!$A$2 -> 85131888 | Z9: =Y9/V9 -> 1176667.4
A10: 9 | C10: APERAM | D10: LU0569974404 | E10: XAMS | F10: 73184570 | H10: EUR | I10: 1 | J10: 23-Jun-25 | K10: NSCNL00APAM5 | L10: 1 | M10: 27.16 | N10: 26.3 | O10: 73184570 | P10: 0.6 | Q10: 0.6 | R10: 1.1548525e+09 | S10: 3134458.3 | T10: =_xlfn.XLOOKUP(D10,[1]generation_steps!$C$5681:$C$11599,[1]generation_steps!$E$5681:$E$11599) -> 0.6 | U10: =_xlfn.XLOOKUP(D10,[1]generation_steps!$C$5681:$C$11599,[1]generation_steps!$F$5681:$F$11599) -> 73184570 | V10: =_xlfn.XLOOKUP(D10,[1]generation_steps!$C$5681:$C$11599,[1]generation_steps!$L$5681:$L$11599) -> 26.3 | W10: =V10=N10 -> TRUE | X10: =U10=O10 -> TRUE | Y10: =0.025*'Index Market Cap'!$A$2 -> 85131888 | Z10: =Y10/V10 -> 3236953.9
A11: 10 | C11: ARCELORMITTAL SA | D11: LU1598757687 | E11: XAMS | F11: 852809772 | H11: EUR | I11: 1 | J11: 23-Jun-25 | K11: NSCNL000AMT7 | L11: 1 | M11: 26.59 | N11: 26.45 | O11: 852809772 | P11: 0.5 | Q11: 0.5 | R11: 1.1278409e+10 | S11: 3201650.5 | T11: =_xlfn.XLOOKUP(D11,[1]generation_steps!$C$5681:$C$11599,[1]generation_steps!$E$5681:$E$11599) -> 0.5 | U11: =_xlfn.XLOOKUP(D11,[1]generation_steps!$C$5681:$C$11599,[1]generation_steps!$F$5681:$F$11599) -> 852809772 | V11: =_xlfn.XLOOKUP(D11,[1]generation_steps!$C$5681:$C$11599,[1]generation_steps!$L$5681:$L$11599) -> 26.45 | W11: =V11=N11 -> TRUE | X11: =U11=O11 -> TRUE | Y11: =0.025*'Index Market Cap'!$A$2 -> 85131888 | Z11: =Y11/V11 -> 3218596.9
A12: 11 | C12: ARGAN | D12: FR0010481960 | E12: XPAR | F12: 25402673 | H12: EUR | I12: 1 | J12: 23-Jun-25 | K12: FR0010481960 | L12: 1 | M12: 64.1 | N12: 61.1 | O12: 25737689 | P12: 0.5 | Q12: 0.5 | R12: 7.862864e+08 | S12: 1328110.6 | T12: =_xlfn.XLOOKUP(D12,[1]generation_steps!$C$5681:$C$11599,[1]generation_steps!$E$5681:$E$11599) -> 0.5 | U12: =_xlfn.XLOOKUP(D12,[1]generation_steps!$C$5681:$C$11599,[1]generation_steps!$F$5681:$F$11599) -> 25737689 | V12: =_xlfn.XLOOKUP(D12,[1]generation_steps!$C$5681:$C$11599,[1]generation_steps!$L$5681:$L$11599) -> 61.1 | W12: =V12=N12 -> TRUE | X12: =U12=O12 -> TRUE | Y12: =0.025*'Index Market Cap'!$A$2 -> 85131888 | Z12: =Y12/V12 -> 1393320.6
A13: 12 | C13: ARKEMA | D13: FR0010313833 | E13: XPAR | F13: 75043514 | H13: EUR | I13: 1 | J13: 23-Jun-25 | K13: FR0010313833 | L13: 1 | M13: 60.35 | N13: 65.35 | O13: 76060831 | P13: 0.75 | Q13: 0.75 | R13: 3.7279315e+09 | S13: 1410636.1 | T13: =_xlfn.XLOOKUP(D13,[1]generation_steps!$C$5681:$C$11599,[1]generation_steps!$E$5681:$E$11599) -> 0.75 | U13: =_xlfn.XLOOKUP(D13,[1]generation_steps!$C$5681:$C$11599,[1]generation_steps!$F$5681:$F$11599) -> 76060831 | V13: =_xlfn.XLOOKUP(D13,[1]generation_steps!$C$5681:$C$11599,[1]generation_steps!$L$5681:$L$11599) -> 65.35 | W13: =V13=N13 -> TRUE | X13: =U13=O13 -> TRUE | Y13: =0.025*'Index Market Cap'!$A$2 -> 85131888 | Z13: =Y13/V13 -> 1302706.8
... A121: 120 | C121: WORLDLINE | D121: FR0011981968 | E121: XPAR | F121: 283571633 | H121: EUR | I121: 1 | J121: 23-Jun-25 | K121: FR0011981968 | L121: 1 | M121: 4.997 | N121: 4.977 | O121: 283571633 | P121: 0.75 | Q121: 0.75 | R121: 1.058502e+09 | S121: 17036599 | T121: =_xlfn.XLOOKUP(D121,[1]generation_steps!$C$5681:$C$11599,[1]generation_steps!$E$5681:$E$11599) -> 0.75 | U121: =_xlfn.XLOOKUP(D121,[1]generation_steps!$C$5681:$C$11599,[1]generation_steps!$F$5681:$F$11599) -> 283571633 | V121: =_xlfn.XLOOKUP(D121,[1]generation_steps!$C$5681:$C$11599,[1]generation_steps!$L$5681:$L$11599) -> 4.977 | W121: =V121=N121 -> TRUE | X121: =U121=O121 -> TRUE | Y121: =0.025*'Index Market Cap'!$A$2 -> 85131888 | Z121: =Y121/V121 -> 17105061

Sheet Index Market Cap
A1: Index Market Cap
A2: 3.4052755e+09
