Workbook

Sheet Index Composition
A1: Company | B1: ISIN Code | C1: MIC | D1: Number of Shares | E1: Free Float | F1: Capping Factor | G1: Effective Date of Review | H1: Currency
A2: ADIDAS AG | B2: DE000A1EWWW0 | C2: XETR | D2: 383320 | E2: 1 | F2: 1 | G2: 22-Dec-25 | H2: EUR | I2: =ISNUMBER(MATCH(B2,[1]selection!$B$2:$B$41,0)) -> TRUE
A3: AIR LIQUIDE | B3: FR0000120073 | C3: XPAR | D3: 405324 | E3: 1 | F3: 1 | G3: 22-Dec-25 | H3: EUR | I3: =ISNUMBER(MATCH(B3,[1]selection!$B$2:$B$41,0)) -> TRUE
A4: ALLIANZ SE | B4: DE0008404005 | C4: XETR | D4: 168559 | E4: 1 | F4: 1 | G4: 22-Dec-25 | H4: EUR | I4: =ISNUMBER(MATCH(B4,[1]selection!$B$2:$B$41,0)) -> TRUE
A5: AMADEUS IT GROUP | B5: ES0109067019 | C5: XMAD | D5: 1038724 | E5: 1 | F5: 1 | G5: 22-Dec-25 | H5: EUR | I5: =ISNUMBER(MATCH(B5,[1]selection!$B$2:$B$41,0)) -> TRUE
A6: ASML HOLDING | B6: NL0010273215 | C6: XAMS | D6: 71108 | E6: 1 | F6: 1 | G6: 22-Dec-25 | H6: EUR | I6: =ISNUMBER(MATCH(B6,[1]selection!$B$2:$B$41,0)) -> TRUE
A7: AXA | B7: FR0000120628 | C7: XPAR | D7: 1593308 | E7: 1 | F7: 1 | G7: 22-Dec-25 | H7: EUR | I7: =ISNUMBER(MATCH(B7,[1]selection!$B$2:$B$41,0)) -> TRUE
A8: BANCO SANTANDER CENT | B8: ES0113900J37 | C8: XMAD | D8: 6581301 | E8: 1 | F8: 1 | G8: 22-Dec-25 | H8: EUR | I8: =ISNUMBER(MATCH(B8,[1]selection!$B$2:$B$41,0)) -> TRUE
A9: BBVA | B9: ES0113211835 | C9: XMAD | D9: 3346731 | E9: 1 | F9: 1 | G9: 22-Dec-25 | H9: EUR | I9: =ISNUMBER(MATCH(B9,[1]selection!$B$2:$B$41,0)) -> TRUE
A10: BNP PARIBAS ACT.A | B10: FR0000131104 | C10: XPAR | D10: 819283 | E10: 1 | F10: 1 | G10: 22-Dec-25 | H10: EUR | I10: =ISNUMBER(MATCH(B10,[1]selection!$B$2:$B$41,0)) -> TRUE
A11: CAIXABANK | B11: ES0140609019 | C11: XMAD | D11: 6359117 | E11: 1 | F11: 1 | G11: 22-Dec-25 | H11: EUR | I11: =ISNUMBER(MATCH(B11,[1]selection!$B$2:$B$41,0)) -> TRUE
A12: DANONE | B12: FR0000120644 | C12: XPAR | D12: 839291 | E12: 1 | F12: 1 | G12: 22-Dec-25 | H12: EUR | I12: =ISNUMBER(MATCH(B12,[1]selection!$B$2:$B$41,0)) -> TRUE
A13: DEUTSCHE BANK | B13: DE0005140008 | C13: XETR | D13: 2031079 | E13: 1 | F13: 1 | G13: 22-Dec-25 | H13: EUR | I13: =ISNUMBER(MATCH(B13,[1]selection!$B$2:$B$41,0)) -> TRUE
... A41: UNILEVER | B41: GB00BVZK7T90 | C41: XAMS | D41: 1180713 | E41: 1 | F41: 1 | G41: 22-Dec-25 | H41: EUR | I41: =ISNUMBER(MATCH(B41,[1]selection!$B$2:$B$41,0)) -> TRUE

Sheet Inclusion
A1: Company | B1: ISIN code | C1: MIC
A2: DEUTSCHE BANK | B2: DE0005140008 | C2: XETR
A3: DEUTSCHE TELEKOM AG | B3: DE0005557508 | C3: XETR
A4: MERCEDES-BENZ GROUP | B4: DE0007100000 | C4: XETR
A5: NOKIA | B5: FI0009000681 | C5: XHEL
A6: SANOFI | B6: FR0000120578 | C6: XPAR
A7: UNILEVER | B7: GB00BVZK7T90 | C7: XAMS

Sheet Exclusion
A1: Company | B1: ISIN code | C1: MIC
A2: COMMERZBANK AG | B2: DE000CBK1001 | C2: XETR
A3: DEUTSCHE POST | B3: DE0005552004 | C3: XETR
A4: FERROVIAL | B4: NL0015001FS8 | C4: XMAD
A5: L'OREAL | B5: FR0000120321 | C5: XPAR
A6: MICHELIN | B6: FR001400AJ45 | C6: XPAR
A7: WOLTERS KLUWER | B7: NL0000395903 | C7: XAMS

Sheet Top 40 Selection
A1: Rank | B1: Ticker | C1: Company | D1: ISIN code | E1: MIC | F1: Number of Shares | G1: Price | H1: Currency | I1: 12 month aver. turnover EUR | J1: 20 days aver. turn EUR | K1: 10 days aver. turn EUR | L1: 5 days aver. turn EUR | M1: 6 month aver. turnover EUR | N1: 126 days volatility | O1: 100 days volatility | P1: 100 days aver. turn EUR | Q1: 180 days volatility | R1: 3 months aver. Turnover EUR | S1: 3 months aver. Turnover USD | T1: Effective Date of Review | U1: #Symbol | V1: FX/Index Ccy | W1: Close Prc_EOD | X1: Close Prc_CO | Y1: Free Float Round: | Z1: FFMC_CO | AA1: 171613102999 - Controversial Weapons Non tailor-made or non essential-Category of Involvement Id | AB1: 171611102999 - Controversial Weapons Tailor-made and essential-Category of Involvement Id | AC1: 181110112399 - ESG Risk Score | AD1: 121010112599 - Highest Controversy Level-Answer Category | AE1: 172113112999 - Military Contracting Weapon-related products and/or services-Level of Involvement Id | AF1: 172111112999 - Military Contracting Weapons-Level of Involvement Id | AG1: 173011102999 - Oil Sands Extraction-Category of Involvement Id | AH1: 173211102999 - Shale Energy Extraction-Category of Involvement Id | AI1: 171711112999 - Small Arms Civilian customers (Assault weapons)-Level of Involvement Id | AJ1: 171721112999 - Small Arms Civilian customers (Non-assault weapons)-Level of Involvement Id | AK1: 171025111199 - Thermal Coal Extraction-Revenue Percentage | AL1: 172813112999 - Thermal Coal Power Generation-Level of Involvement Id | AM1: 172911112999 - Tobacco Products Production-Level of Involvement Id | AN1: 172915112999 - Tobacco Products Retail-Level of Involvement Id | AO1: excl_controversy | AP1: excl_tobacco_production | AQ1: excl_tobacco_retail | AR1: excl_military_weapons | AS1: excl_military_related | AT1: excl_controv_weapons_essential | AU1: excl_controv_weapons_non_essential | AV1: excl_small_arms_assault | AW1: excl_small_arms_non_assault | AX1: excl_oil_sands | AY1: excl_shale_energy | AZ1: excl_thermal_coal_extraction | BA1: excl_thermal_coal_power | BB1: excluded | BC1: FFMC_Rank | BD1: ESG_Risk_Score | BE1: ESG_Risk_Rank | BF1: Unrounded NOSH | BG1: Rounded NOSH | BH1: Free Float | BI1: Capping Factor
A2: 245 | B2: SU-FR | C2: SCHNEIDER ELECTRIC | D2: FR0000121972 | E2: XPAR | F2: 577122512 | G2: 222.3 | H2: EUR | I2: 2.2594707e+08 | J2: 2.0740473e+08 | M2: 1.9984495e+08 | N2: 29.388895 | O2: 29.79526 | P2: 2.0034853e+08 | Q2: 33.028824 | R2: 2.0033574e+08 | S2: 2.3358204e+08 | T2: 22-Dec-25 | U2: SCHN.PA | V2: 1 | W2: 239.25 | X2: 222.3 | Y2: 1 | Z2: 1.2829433e+11 | AA2: 0 | AB2: 0 | AC2: 7.1448088 | AD2: 2 | AE2: 1 | AF2: 0 | AG2: 0 | AH2: 0 | AI2: 0 | AJ2: 0 | AK2: 0 | AL2: 0 | AM2: 0 | AN2: 0 | AO2: FALSE | AP2: FALSE | AQ2: FALSE | AR2: FALSE | AS2: FALSE | AT2: FALSE | AU2: FALSE | AV2: FALSE | AW2: FALSE | AX2: FALSE | AY2: FALSE | AZ2: FALSE | BA2: FALSE | BB2: FALSE | BC2: 8 | BD2: 7.1448088 | BE2: 1 | BF2: 270046.53 | BG2: 270047 | BH2: 1 | BI2: 1
A3: 158 | B3: ISP-IT | C3: INTESA SANPAOLO | D3: IT0000072618 | E3: MTAA | F3: 17413389613 | G3: 5.619 | H3: EUR | I3: 2.9376709e+08 | J3: 3.2506638e+08 | M3: 2.681535e+08 | N3: 23.324429 | O3: 24.010738 | P3: 2.6892967e+08 | Q3: 28.28163 | R3: 2.8286848e+08 | S3: 3.2952365e+08 | T3: 22-Dec-25 | U3: ISP.MI | V3: 1 | W3: 5.783 | X3: 5.619 | Y3: 0.8 | Z3: 7.8276669e+10 | AA3: 0 | AB3: 0 | AC3: 8.09 | AD3: 2 | AE3: 0 | AF3: 0 | AG3: 0 | AH3: 0 | AI3: 0 | AJ3: 0 | AK3: 0 | AL3: 0 | AM3: 0 | AN3: 0 | AO3: FALSE | AP3: FALSE | AQ3: FALSE | AR3: FALSE | AS3: FALSE | AT3: FALSE | AU3: FALSE | AV3: FALSE | AW3: FALSE | AX3: FALSE | AY3: FALSE | AZ3: FALSE | BA3: FALSE | BB3: FALSE | BC3: 18 | BD3: 8.09 | BE3: 2 | BF3: 11172166 | BG3: 11172166 | BH3: 1 | BI3: 1
A4: 225 | B4: REN-NL | C4: RELX | D4: GB00B2B0DG97 | E4: XAMS | F4: 1907070957 | G4: 35.28 | H4: EUR | I4: 35151618 | J4: 38042579 | M4: 29814886 | N4: 20.830658 | O4: 22.413506 | P4: 31979317 | Q4: 23.983385 | R4: 32638215 | S4: 38012065 | T4: 22-Dec-25 | U4: REL.AS | V4: 1 | W4: 34.66 | X4: 35.28 | Y4: 1 | Z4: 6.7281463e+10 | AA4: 0 | AB4: 0 | AC4: 8.1090937 | AD4: 2 | AE4: 0 | AF4: 0 | AG4: 0 | AH4: 0 | AI4: 0 | AJ4: 0 | AK4: 0 | AL4: 0 | AM4: 0 | AN4: 0 | AO4: FALSE | AP4: FALSE | AQ4: FALSE | AR4: FALSE | AS4: FALSE | AT4: FALSE | AU4: FALSE | AV4: FALSE | AW4: FALSE | AX4: FALSE | AY4: FALSE | AZ4: FALSE | BA4: FALSE | BB4: FALSE | BC4: 23 | BD4: 8.1090937 | BE4: 3 | BF4: 1864069.1 | BG4: 1864069 | BH4: 1 | BI4: 1
A5: 36 | B5: ASML-NL | C5: ASML HOLDING | D5: NL0010273215 | E5: XAMS | F5: 388147674 | G5: 834 | H5: EUR | I5: 5.0748503e+08 | J5: 5.1907545e+08 | M5: 4.7687009e+08 | N5: 35.69043 | O5: 37.997826 | P5: 4.9820659e+08 | Q5: 36.628567 | R5: 5.3938184e+08 | S5: 6.2879074e+08 | T5: 22-Dec-25 | U5: ASML.AS | V5: 1 | W5: 908.6 | X5: 834 | Y5: 1 | Z5: 323715160116 | AA5: 0 | AB5: 0 | AC5: 8.928945 | AD5: 2 | AE5: 0 | AF5: 0 | AG5: 0 | AH5: 0 | AI5: 0 | AJ5: 0 | AK5: 0 | AL5: 0 | AM5: 0 | AN5: 0 | AO5: FALSE | AP5: FALSE | AQ5: FALSE | AR5: FALSE | AS5: FALSE | AT5: FALSE | AU5: FALSE | AV5: FALSE | AW5: FALSE | AX5: FALSE | AY5: FALSE | AZ5: FALSE | BA5: FALSE | BB5: FALSE | BC5: 1 | BD5: 8.928945 | BE5: 4 | BF5: 71107.895 | BG5: 71108 | BH5: 1 | BI5: 1
A6: 92 | B6: DBK-DE | C6: DEUTSCHE BANK | D6: DE0005140008 | E6: XETR | F6: 1948252900 | G6: 29.385 | H6: EUR | I6: 1.7015314e+08 | J6: 1.6283173e+08 | M6: 1.6847277e+08 | N6: 30.730797 | O6: 30.842863 | P6: 1.7071545e+08 | Q6: 36.20055 | R6: 1.7798169e+08 | S6: 2.0768553e+08 | T6: 22-Dec-25 | U6: DBKGn.DE | V6: 1 | W6: 31.81 | X6: 29.385 | Y6: 1 | Z6: 5.7249411e+10 | AA6: 0 | AB6: 0 | AC6: 8.9654925 | AD6: 3 | AE6: 0 | AF6: 0 | AG6: 0 | AH6: 0 | AI6: 0 | AJ6: 0 | AK6: 0 | AL6: 0 | AM6: 0 | AN6: 0 | AO6: FALSE | AP6: FALSE | AQ6: FALSE | AR6: FALSE | AS6: FALSE | AT6: FALSE | AU6: FALSE | AV6: FALSE | AW6: FALSE | AX6: FALSE | AY6: FALSE | AZ6: FALSE | BA6: FALSE | BB6: FALSE | BC6: 27 | BD6: 8.9654925 | BE6: 5 | BF6: 2031079.3 | BG6: 2031079 | BH6: 1 | BI6: 1
A7: 72 | B7: CABK-ES | C7: CAIXABANK | D7: ES0140609019 | E7: XMAD | F7: 7085565400 | G7: 9.254 | H7: EUR | I7: 62448678 | J7: 1.3507376e+08 | M7: 58951377 | N7: 22.261782 | O7: 21.86623 | P7: 59991050 | Q7: 29.400314 | R7: 67273797 | S7: 78123008 | T7: 22-Dec-25 | U7: CABK.MC | V7: 1 | W7: 10.16 | X7: 9.254 | Y7: 0.5 | Z7: 3.2784911e+10 | AA7: 0 | AB7: 0 | AC7: 9.509 | AD7: 2 | AE7: 0 | AF7: 0 | AG7: 0 | AH7: 0 | AI7: 0 | AJ7: 0 | AK7: 0 | AL7: 0 | AM7: 0 | AN7: 0 | AO7: FALSE | AP7: FALSE | AQ7: FALSE | AR7: FALSE | AS7: FALSE | AT7: FALSE | AU7: FALSE | AV7: FALSE | AW7: FALSE | AX7: FALSE | AY7: FALSE | AZ7: FALSE | BA7: FALSE | BB7: FALSE | BC7: 45 | BD7: 9.509 | BE7: 6 | BF7: 6359117.5 | BG7: 6359117 | BH7: 1 | BI7: 1
A8: 57 | B8: BBVA-ES | C8: BBVA | D8: ES0113211835 | E8: XMAD | F8: 5763285600 | G8: 17.705 | H8: EUR | I8: 1.3566252e+08 | J8: 3.6713379e+08 | M8: 1.4393072e+08 | N8: 27.777552 | O8: 28.950481 | P8: 1.5470505e+08 | Q8: 31.000454 | R8: 1.7807689e+08 | S8: 2.0687009e+08 | T8: 22-Dec-25 | U8: BBVA.MC | V8: 1 | W8: 19.305 | X8: 17.705 | Y8: 1 | Z8: 102038971548 | AA8: 0 | AB8: 0 | AC8: 9.56425 | AD8: 2 | AE8: 0 | AF8: 0 | AG8: 0 | AH8: 0 | AI8: 0 | AJ8: 0 | AK8: 0 | AL8: 0 | AM8: 0 | AN8: 0 | AO8: FALSE | AP8: FALSE | AQ8: FALSE | AR8: FALSE | AS8: FALSE | AT8: FALSE | AU8: FALSE | AV8: FALSE | AW8: FALSE | AX8: FALSE | AY8: FALSE | AZ8: FALSE | BA8: FALSE | BB8: FALSE | BC8: 11 | BD8: 9.56425 | BE8: 7 | BF8: 3346730.6 | BG8: 3346731 | BH8: 1 | BI8: 1
A9: 203 | B9: NOKIA-FI | C9: NOKIA | D9: FI0009000681 | E9: XHEL | F9: 5742239700 | G9: 5.13 | H9: EUR | I9: 57797346 | J9: 77090097 | M9: 60440865 | N9: 44.634285 | O9: 48.75582 | P9: 67323848 | Q9: 42.79206 | R9: 83697742 | S9: 97482565 | T9: 22-Dec-25 | U9: NOKIA.HE | V9: 1 | W9: 5.278 | X9: 5.13 | Y9: 0.95 | Z9: 2.7984805e+10 | AA9: 0 | AB9: 0 | AC9: 9.6503238 | AD9: 2 | AE9: 0 | AF9: 0 | AG9: 0 | AH9: 0 | AI9: 0 | AJ9: 0 | AK9: 0 | AL9: 0 | AM9: 0 | AN9: 0 | AO9: FALSE | AP9: FALSE | AQ9: FALSE | AR9: FALSE | AS9: FALSE | AT9: FALSE | AU9: FALSE | AV9: FALSE | AW9: FALSE | AX9: FALSE | AY9: FALSE | AZ9: FALSE | BA9: FALSE | BB9: FALSE | BC9: 49 | BD9: 9.6503238 | BE9: 8 | BF9: 12241120 | BG9: 12241120 | BH9: 1 | BI9: 1
A10: 279 | B10: UMG-NL | C10: UMG | D10: NL0015000IY2 | E10: XAMS | F10: 1834181554 | G10: 22.61 | H10: EUR | I10: 46598461 | J10: 39786466 | M10: 47611055 | N10: 25.067509 | O10: 25.950218 | P10: 39603260 | Q10: 26.64878 | R10: 39325563 | S10: 45813287 | T10: 22-Dec-25 | U10: UMG.AS | V10: 1 | W10: 21.72 | X10: 22.61 | Y10: 0.6 | Z10: 2.4882507e+10 | AA10: 0 | AB10: 0 | AC10: 9.7401696 | AD10: 1 | AE10: 0 | AF10: 0 | AG10: 0 | AH10: 0 | AI10: 0 | AJ10: 0 | AK10: 0 | AL10: 0 | AM10: 0 | AN10: 0 | AO10: FALSE | AP10: FALSE | AQ10: FALSE | AR10: FALSE | AS10: FALSE | AT10: FALSE | AU10: FALSE | AV10: FALSE | AW10: FALSE | AX10: FALSE | AY10: FALSE | AZ10: FALSE | BA10: FALSE | BB10: FALSE | BC10: 56 | BD10: 9.7401696 | BE10: 9 | BF10: 2974614.8 | BG10: 2974615 | BH10: 1 | BI10: 1
A11: 51 | B11: SAN-ES | C11: BANCO SANTANDER CENT | D11: ES0113900J37 | E11: XMAD | F11: 14885325000 | G11: 8.805 | H11: EUR | I11: 1.9934083e+08 | J11: 2.4831944e+08 | M11: 1.936803e+08 | N11: 26.54015 | O11: 26.308455 | P11: 1.9984515e+08 | Q11: 31.74772 | R11: 2.1740067e+08 | S11: 2.5332558e+08 | T11: 22-Dec-25 | U11: SAN.MC | V11: 1 | W11: 9.817 | X11: 8.805 | Y11: 1 | Z11: 131065286625 | AA11: 0 | AB11: 0 | AC11: 9.8890125 | AD11: 2 | AE11: 0 | AF11: 0 | AG11: 0 | AH11: 0 | AI11: 0 | AJ11: 0 | AK11: 0 | AL11: 0 | AM11: 0 | AN11: 0 | AO11: FALSE | AP11: FALSE | AQ11: FALSE | AR11: FALSE | AS11: FALSE | AT11: FALSE | AU11: FALSE | AV11: FALSE | AW11: FALSE | AX11: FALSE | AY11: FALSE | AZ11: FALSE | BA11: FALSE | BB11: FALSE | BC11: 7 | BD11: 9.8890125 | BE11: 10 | BF11: 6581301.1 | BG11: 6581301 | BH11: 1 | BI11: 1
A12: 165 | B12: KBC-BE | C12: KBC | D12: BE0003565737 | E12: XBRU | F12: 417544151 | G12: 105.35 | H12: EUR | I12: 39495466 | J12: 40066030 | M12: 36083656 | N12: 19.155403 | O12: 19.713436 | P12: 36288231 | Q12: 24.682182 | R12: 37189985 | S12: 43359474 | T12: 22-Dec-25 | U12: KBC.BR | V12: 1 | W12: 110.5 | X12: 105.35 | Y12: 0.55 | Z12: 2.4193552e+10 | AA12: 0 | AB12: 0 | AC12: 10.209262 | AD12: 1 | AE12: 0 | AF12: 0 | AG12: 0 | AH12: 0 | AI12: 0 | AJ12: 0 | AK12: 0 | AL12: 0 | AM12: 0 | AN12: 0 | AO12: FALSE | AP12: FALSE | AQ12: FALSE | AR12: FALSE | AS12: FALSE | AT12: FALSE | AU12: FALSE | AV12: FALSE | AW12: FALSE | AX12: FALSE | AY12: FALSE | AZ12: FALSE | BA12: FALSE | BB12: FALSE | BC12: 57 | BD12: 10.209262 | BE12: 11 | BF12: 584693.51 | BG12: 584694 | BH12: 1 | BI12: 1
A13: 282 | B13: UCG-IT | C13: UNICREDIT | D13: IT0005239360 | E13: MTAA | F13: 1557675176 | G13: 62.85 | H13: EUR | I13: 3.5910484e+08 | J13: 3.333183e+08 | M13: 3.1436746e+08 | N13: 26.839243 | O13: 26.80322 | P13: 3.2010403e+08 | Q13: 33.4783 | R13: 3.2023355e+08 | S13: 3.7337577e+08 | T13: 22-Dec-25 | U13: CRDI.MI | V13: 1 | W13: 69.5 | X13: 62.85 | Y13: 1 | Z13: 9.7899885e+10 | AA13: 0 | AB13: 0 | AC13: 10.553088 | AD13: 2 | AE13: 0 | AF13: 0 | AG13: 0 | AH13: 0 | AI13: 0 | AJ13: 0 | AK13: 0 | AL13: 0 | AM13: 0 | AN13: 0 | AO13: FALSE | AP13: FALSE | AQ13: FALSE | AR13: FALSE | AS13: FALSE | AT13: FALSE | AU13: FALSE | AV13: FALSE | AW13: FALSE | AX13: FALSE | AY13: FALSE | AZ13: FALSE | BA13: FALSE | BB13: FALSE | BC13: 14 | BD13: 10.553088 | BE13: 12 | BF13: 929620.62 | BG13: 929621 | BH13: 1 | BI13: 1
... A41: 154 | B41: IFX-DE | C41: INFINEON TECHNOLOGIE | D41: DE0006231004 | E41: XETR | F41: 1305921100 | G41: 31.695 | H41: EUR | I41: 1.4281894e+08 | J41: 1.5472296e+08 | M41: 1.30403e+08 | N41: 32.71463 | O41: 34.11599 | P41: 1.2661168e+08 | Q41: 38.33349 | R41: 1.2563083e+08 | S41: 1.463514e+08 | T41: 22-Dec-25 | U41: IFXGn.DE | V41: 1 | W41: 36 | X41: 31.695 | Y41: 1 | Z41: 4.1391169e+10 | AA41: 0 | AB41: 0 | AC41: 16.601476 | AD41: 1 | AE41: 1 | AF41: 0 | AG41: 0 | AH41: 0 | AI41: 0 | AJ41: 0 | AK41: 0 | AL41: 0 | AM41: 0 | AN41: 0 | AO41: FALSE | AP41: FALSE | AQ41: FALSE | AR41: FALSE | AS41: FALSE | AT41: FALSE | AU41: FALSE | AV41: FALSE | AW41: FALSE | AX41: FALSE | AY41: FALSE | AZ41: FALSE | BA41: FALSE | BB41: FALSE | BC41: 34 | BD41: 16.601476 | BE41: 40 | BF41: 1794684.3 | BG41: 1794684 | BH41: 1 | BI41: 1

Sheet Sheet1
B2: 1 | C2: ASML HOLDING | D2: NL0010273215 | E2: =ISNUMBER(MATCH(D2,$H$2:$H$62,0)) -> TRUE | F2: 1 | G2: ASML HOLDING | H2: NL0010273215 | I2: =ISNUMBER(MATCH(H2,$D$2:$D$181,0)) -> TRUE
B3: 1 | C3: ASML HOLDING | D3: NL0010273215 | E3: =ISNUMBER(MATCH(D3,$H$2:$H$62,0)) -> TRUE | F3: 2 | G3: SAP | H3: DE0007164600 | I3: =ISNUMBER(MATCH(H3,$D$2:$D$181,0)) -> TRUE
B4: 1 | C4: ASML HOLDING | D4: NL0010273215 | E4: =ISNUMBER(MATCH(D4,$H$2:$H$62,0)) -> TRUE | F4: 3 | G4: SIEMENS AG | H4: DE0007236101 | I4: =ISNUMBER(MATCH(H4,$D$2:$D$181,0)) -> TRUE
B5: 2 | C5: SAP | D5: DE0007164600 | E5: =ISNUMBER(MATCH(D5,$H$2:$H$62,0)) -> TRUE | F5: 4 | G5: LVMH | H5: FR0000121014 | I5: =ISNUMBER(MATCH(H5,$D$2:$D$181,0)) -> TRUE
B6: 2 | C6: SAP | D6: DE0007164600 | E6: =ISNUMBER(MATCH(D6,$H$2:$H$62,0)) -> TRUE | F6: 5 | G6: ALLIANZ SE | H6: DE0008404005 | I6: =ISNUMBER(MATCH(H6,$D$2:$D$181,0)) -> TRUE
B7: 2 | C7: SAP | D7: DE0007164600 | E7: =ISNUMBER(MATCH(D7,$H$2:$H$62,0)) -> TRUE | F7: 6 | G7: UNILEVER | H7: GB00BVZK7T90 | I7: =ISNUMBER(MATCH(H7,$D$2:$D$181,0)) -> TRUE
B8: 3 | C8: SIEMENS AG | D8: DE0007236101 | E8: =ISNUMBER(MATCH(D8,$H$2:$H$62,0)) -> TRUE | F8: 7 | G8: BANCO SANTANDER CENT | H8: ES0113900J37 | I8: =ISNUMBER(MATCH(H8,$D$2:$D$181,0)) -> TRUE
B9: 3 | C9: SIEMENS AG | D9: DE0007236101 | E9: =ISNUMBER(MATCH(D9,$H$2:$H$62,0)) -> TRUE | F9: 8 | G9: SCHNEIDER ELECTRIC | H9: FR0000121972 | I9: =ISNUMBER(MATCH(H9,$D$2:$D$181,0)) -> TRUE
B10: 3 | C10: SIEMENS AG | D10: DE0007236101 | E10: =ISNUMBER(MATCH(D10,$H$2:$H$62,0)) -> TRUE | F10: 9 | G10: TOTALENERGIES | H10: FR0000120271 | I10: =ISNUMBER(MATCH(H10,$D$2:$D$181,0)) -> FALSE
B11: 4 | C11: LVMH | D11: FR0000121014 | E11: =ISNUMBER(MATCH(D11,$H$2:$H$62,0)) -> TRUE | F11: 10 | G11: IBERDROLA | H11: ES0144580Y14 | I11: =ISNUMBER(MATCH(H11,$D$2:$D$181,0)) -> TRUE
B12: 4 | C12: LVMH | D12: FR0000121014 | E12: =ISNUMBER(MATCH(D12,$H$2:$H$62,0)) -> TRUE | F12: 11 | G12: BBVA | H12: ES0113211835 | I12: =ISNUMBER(MATCH(H12,$D$2:$D$181,0)) -> TRUE
B13: 4 | C13: LVMH | D13: FR0000121014 | E13: =ISNUMBER(MATCH(D13,$H$2:$H$62,0)) -> TRUE | F13: 12 | G13: SANOFI | H13: FR0000120578 | I13: =ISNUMBER(MATCH(H13,$D$2:$D$181,0)) -> TRUE
... B62: 21 | C62: PROSUS | D62: NL0013654783 | E62: =ISNUMBER(MATCH(D62,$H$2:$H$62,0)) -> TRUE | F62: 61 | G62: ASM INTERNATIONAL | H62: NL0000334118 | I62: =ISNUMBER(MATCH(H62,$D$2:$D$181,0)) -> TRUE
B63: 21 | C63: PROSUS | D63: NL0013654783 | E63: =ISNUMBER(MATCH(D63,$H$2:$H$62,0)) -> TRUE | F63: 62
B64: 21 | C64: PROSUS | D64: NL0013654783 | E64: =ISNUMBER(MATCH(D64,$H$2:$H$62,0)) -> TRUE | F64: 63
B65: 22 | C65: RELX | D65: GB00B2B0DG97 | E65: =ISNUMBER(MATCH(D65,$H$2:$H$62,0)) -> TRUE | F65: 64
B66: 22 | C66: RELX | D66: GB00B2B0DG97 | E66: =ISNUMBER(MATCH(D66,$H$2:$H$62,0)) -> TRUE | F66: 65
B67: 22 | C67: RELX | D67: GB00B2B0DG97 | E67: =ISNUMBER(MATCH(D67,$H$2:$H$62,0)) -> TRUE | F67: 66
B68: 23 | C68: HERMES INTL | D68: FR0000052292 | E68: =ISNUMBER(MATCH(D68,$H$2:$H$62,0)) -> TRUE | F68: 67
B69: 23 | C69: HERMES INTL | D69: FR0000052292 | E69: =ISNUMBER(MATCH(D69,$H$2:$H$62,0)) -> TRUE | F69: 68
B70: 23 | C70: HERMES INTL | D70: FR0000052292 | E70: =ISNUMBER(MATCH(D70,$H$2:$H$62,0)) -> TRUE | F70: 69
B71: 24 | C71: ING GROEP N.V. | D71: NL0011821202 | E71: =ISNUMBER(MATCH(D71,$H$2:$H$62,0)) -> TRUE | F71: 70
B72: 24 | C72: ING GROEP N.V. | D72: NL0011821202 | E72: =ISNUMBER(MATCH(D72,$H$2:$H$62,0)) -> TRUE | F72: 71
B73: 24 | C73: ING GROEP N.V. | D73: NL0011821202 | E73: =ISNUMBER(MATCH(D73,$H$2:$H$62,0)) -> TRUE | F73: 72
B74: 25 | C74: VINCI | D74: FR0000125486 | E74: =ISNUMBER(MATCH(D74,$H$2:$H$62,0)) -> TRUE | F74: 73
... B181: 60 | C181: ASM INTERNATIONAL | D181: NL0000334118 | E181: =ISNUMBER(MATCH(D181,$H$2:$H$62,0)) -> TRUE | F181: 180

Sheet ESG Ranked Eligible 60
A1: Rank | B1: Ticker | C1: Company | D1: ISIN code | E1: MIC | F1: Number of Shares | G1: Price | H1: Currency | I1: 12 month aver. turnover EUR | J1: 20 days aver. turn EUR | K1: 10 days aver. turn EUR | L1: 5 days aver. turn EUR | M1: 6 month aver. turnover EUR | N1: 126 days volatility | O1: 100 days volatility | P1: 100 days aver. turn EUR | Q1: 180 days volatility | R1: 3 months aver. Turnover EUR | S1: 3 months aver. Turnover USD | T1: Effective Date of Review | U1: #Symbol | V1: FX/Index Ccy | W1: Close Prc_EOD | X1: Close Prc_CO | Y1: Free Float Round: | Z1: FFMC_CO | AA1: 171613102999 - Controversial Weapons Non tailor-made or non essential-Category of Involvement Id | AB1: 171611102999 - Controversial Weapons Tailor-made and essential-Category of Involvement Id | AC1: 181110112399 - ESG Risk Score | AD1: 121010112599 - Highest Controversy Level-Answer Category | AE1: 172113112999 - Military Contracting Weapon-related products and/or services-Level of Involvement Id | AF1: 172111112999 - Military Contracting Weapons-Level of Involvement Id | AG1: 173011102999 - Oil Sands Extraction-Category of Involvement Id | AH1: 173211102999 - Shale Energy Extraction-Category of Involvement Id | AI1: 171711112999 - Small Arms Civilian customers (Assault weapons)-Level of Involvement Id | AJ1: 171721112999 - Small Arms Civilian customers (Non-assault weapons)-Level of Involvement Id | AK1: 171025111199 - Thermal Coal Extraction-Revenue Percentage | AL1: 172813112999 - Thermal Coal Power Generation-Level of Involvement Id | AM1: 172911112999 - Tobacco Products Production-Level of Involvement Id | AN1: 172915112999 - Tobacco Products Retail-Level of Involvement Id | AO1: excl_controversy | AP1: excl_tobacco_production | AQ1: excl_tobacco_retail | AR1: excl_military_weapons | AS1: excl_military_related | AT1: excl_controv_weapons_essential | AU1: excl_controv_weapons_non_essential | AV1: excl_small_arms_assault | AW1: excl_small_arms_non_assault | AX1: excl_oil_sands | AY1: excl_shale_energy | AZ1: excl_thermal_coal_extraction | BA1: excl_thermal_coal_power | BB1: excluded | BC1: FFMC_Rank | BD1: ESG_Risk_Score | BE1: ESG_Risk_Rank
A2: 245 | B2: SU-FR | C2: SCHNEIDER ELECTRIC | D2: FR0000121972 | E2: XPAR | F2: 577122512 | G2: 222.3 | H2: EUR | I2: 2.2594707e+08 | J2: 2.0740473e+08 | M2: 1.9984495e+08 | N2: 29.388895 | O2: 29.79526 | P2: 2.0034853e+08 | Q2: 33.028824 | R2: 2.0033574e+08 | S2: 2.3358204e+08 | T2: 22-Dec-25 | U2: SCHN.PA | V2: 1 | W2: 239.25 | X2: 222.3 | Y2: 1 | Z2: 1.2829433e+11 | AA2: 0 | AB2: 0 | AC2: 7.1448088 | AD2: 2 | AE2: 1 | AF2: 0 | AG2: 0 | AH2: 0 | AI2: 0 | AJ2: 0 | AK2: 0 | AL2: 0 | AM2: 0 | AN2: 0 | AO2: FALSE | AP2: FALSE | AQ2: FALSE | AR2: FALSE | AS2: FALSE | AT2: FALSE | AU2: FALSE | AV2: FALSE | AW2: FALSE | AX2: FALSE | AY2: FALSE | AZ2: FALSE | BA2: FALSE | BB2: FALSE | BC2: 8 | BD2: 7.1448088 | BE2: 1
A3: 158 | B3: ISP-IT | C3: INTESA SANPAOLO | D3: IT0000072618 | E3: MTAA | F3: 17413389613 | G3: 5.619 | H3: EUR | I3: 2.9376709e+08 | J3: 3.2506638e+08 | M3: 2.681535e+08 | N3: 23.324429 | O3: 24.010738 | P3: 2.6892967e+08 | Q3: 28.28163 | R3: 2.8286848e+08 | S3: 3.2952365e+08 | T3: 22-Dec-25 | U3: ISP.MI | V3: 1 | W3: 5.783 | X3: 5.619 | Y3: 0.8 | Z3: 7.8276669e+10 | AA3: 0 | AB3: 0 | AC3: 8.09 | AD3: 2 | AE3: 0 | AF3: 0 | AG3: 0 | AH3: 0 | AI3: 0 | AJ3: 0 | AK3: 0 | AL3: 0 | AM3: 0 | AN3: 0 | AO3: FALSE | AP3: FALSE | AQ3: FALSE | AR3: FALSE | AS3: FALSE | AT3: FALSE | AU3: FALSE | AV3: FALSE | AW3: FALSE | AX3: FALSE | AY3: FALSE | AZ3: FALSE | BA3: FALSE | BB3: FALSE | BC3: 18 | BD3: 8.09 | BE3: 2
A4: 225 | B4: REN-NL | C4: RELX | D4: GB00B2B0DG97 | E4: XAMS | F4: 1907070957 | G4: 35.28 | H4: EUR | I4: 35151618 | J4: 38042579 | M4: 29814886 | N4: 20.830658 | O4: 22.413506 | P4: 31979317 | Q4: 23.983385 | R4: 32638215 | S4: 38012065 | T4: 22-Dec-25 | U4: REL.AS | V4: 1 | W4: 34.66 | X4: 35.28 | Y4: 1 | Z4: 6.7281463e+10 | AA4: 0 | AB4: 0 | AC4: 8.1090937 | AD4: 2 | AE4: 0 | AF4: 0 | AG4: 0 | AH4: 0 | AI4: 0 | AJ4: 0 | AK4: 0 | AL4: 0 | AM4: 0 | AN4: 0 | AO4: FALSE | AP4: FALSE | AQ4: FALSE | AR4: FALSE | AS4: FALSE | AT4: FALSE | AU4: FALSE | AV4: FALSE | AW4: FALSE | AX4: FALSE | AY4: FALSE | AZ4: FALSE | BA4: FALSE | BB4: FALSE | BC4: 23 | BD4: 8.1090937 | BE4: 3
A5: 36 | B5: ASML-NL | C5: ASML HOLDING | D5: NL0010273215 | E5: XAMS | F5: 388147674 | G5: 834 | H5: EUR | I5: 5.0748503e+08 | J5: 5.1907545e+08 | M5: 4.7687009e+08 | N5: 35.69043 | O5: 37.997826 | P5: 4.9820659e+08 | Q5: 36.628567 | R5: 5.3938184e+08 | S5: 6.2879074e+08 | T5: 22-Dec-25 | U5: ASML.AS | V5: 1 | W5: 908.6 | X5: 834 | Y5: 1 | Z5: 323715160116 | AA5: 0 | AB5: 0 | AC5: 8.928945 | AD5: 2 | AE5: 0 | AF5: 0 | AG5: 0 | AH5: 0 | AI5: 0 | AJ5: 0 | AK5: 0 | AL5: 0 | AM5: 0 | AN5: 0 | AO5: FALSE | AP5: FALSE | AQ5: FALSE | AR5: FALSE | AS5: FALSE | AT5: FALSE | AU5: FALSE | AV5: FALSE | AW5: FALSE | AX5: FALSE | AY5: FALSE | AZ5: FALSE | BA5: FALSE | BB5: FALSE | BC5: 1 | BD5: 8.928945 | BE5: 4
A6: 92 | B6: DBK-DE | C6: DEUTSCHE BANK | D6: DE0005140008 | E6: XETR | F6: 1948252900 | G6: 29.385 | H6: EUR | I6: 1.7015314e+08 | J6: 1.6283173e+08 | M6: 1.6847277e+08 | N6: 30.730797 | O6: 30.842863 | P6: 1.7071545e+08 | Q6: 36.20055 | R6: 1.7798169e+08 | S6: 2.0768553e+08 | T6: 22-Dec-25 | U6: DBKGn.DE | V6: 1 | W6: 31.81 | X6: 29.385 | Y6: 1 | Z6: 5.7249411e+10 | AA6: 0 | AB6: 0 | AC6: 8.9654925 | AD6: 3 | AE6: 0 | AF6: 0 | AG6: 0 | AH6: 0 | AI6: 0 | AJ6: 0 | AK6: 0 | AL6: 0 | AM6: 0 | AN6: 0 | AO6: FALSE | AP6: FALSE | AQ6: FALSE | AR6: FALSE | AS6: FALSE | AT6: FALSE | AU6: FALSE | AV6: FALSE | AW6: FALSE | AX6: FALSE | AY6: FALSE | AZ6: FALSE | BA6: FALSE | BB6: FALSE | BC6: 27 | BD6: 8.9654925 | BE6: 5
A7: 72 | B7: CABK-ES | C7: CAIXABANK | D7: ES0140609019 | E7: XMAD | F7: 7085565400 | G7: 9.254 | H7: EUR | I7: 62448678 | J7: 1.3507376e+08 | M7: 58951377 | N7: 22.261782 | O7: 21.86623 | P7: 59991050 | Q7: 29.400314 | R7: 67273797 | S7: 78123008 | T7: 22-Dec-25 | U7: CABK.MC | V7: 1 | W7: 10.16 | X7: 9.254 | Y7: 0.5 | Z7: 3.2784911e+10 | AA7: 0 | AB7: 0 | AC7: 9.509 | AD7: 2 | AE7: 0 | AF7: 0 | AG7: 0 | AH7: 0 | AI7: 0 | AJ7: 0 | AK7: 0 | AL7: 0 | AM7: 0 | AN7: 0 | AO7: FALSE | AP7: FALSE | AQ7: FALSE | AR7: FALSE | AS7: FALSE | AT7: FALSE | AU7: FALSE | AV7: FALSE | AW7: FALSE | AX7: FALSE | AY7: FALSE | AZ7: FALSE | BA7: FALSE | BB7: FALSE | BC7: 45 | BD7: 9.509 | BE7: 6
A8: 57 | B8: BBVA-ES | C8: BBVA | D8: ES0113211835 | E8: XMAD | F8: 5763285600 | G8: 17.705 | H8: EUR | I8: 1.3566252e+08 | J8: 3.6713379e+08 | M8: 1.4393072e+08 | N8: 27.777552 | O8: 28.950481 | P8: 1.5470505e+08 | Q8: 31.000454 | R8: 1.7807689e+08 | S8: 2.0687009e+08 | T8: 22-Dec-25 | U8: BBVA.MC | V8: 1 | W8: 19.305 | X8: 17.705 | Y8: 1 | Z8: 102038971548 | AA8: 0 | AB8: 0 | AC8: 9.56425 | AD8: 2 | AE8: 0 | AF8: 0 | AG8: 0 | AH8: 0 | AI8: 0 | AJ8: 0 | AK8: 0 | AL8: 0 | AM8: 0 | AN8: 0 | AO8: FALSE | AP8: FALSE | AQ8: FALSE | AR8: FALSE | AS8: FALSE | AT8: FALSE | AU8: FALSE | AV8: FALSE | AW8: FALSE | AX8: FALSE | AY8: FALSE | AZ8: FALSE | BA8: FALSE | BB8: FALSE | BC8: 11 | BD8: 9.56425 | BE8: 7
A9: 203 | B9: NOKIA-FI | C9: NOKIA | D9: FI0009000681 | E9: XHEL | F9: 5742239700 | G9: 5.13 | H9: EUR | I9: 57797346 | J9: 77090097 | M9: 60440865 | N9: 44.634285 | O9: 48.75582 | P9: 67323848 | Q9: 42.79206 | R9: 83697742 | S9: 97482565 | T9: 22-Dec-25 | U9: NOKIA.HE | V9: 1 | W9: 5.278 | X9: 5.13 | Y9: 0.95 | Z9: 2.7984805e+10 | AA9: 0 | AB9: 0 | AC9: 9.6503238 | AD9: 2 | AE9: 0 | AF9: 0 | AG9: 0 | AH9: 0 | AI9: 0 | AJ9: 0 | AK9: 0 | AL9: 0 | AM9: 0 | AN9: 0 | AO9: FALSE | AP9: FALSE | AQ9: FALSE | AR9: FALSE | AS9: FALSE | AT9: FALSE | AU9: FALSE | AV9: FALSE | AW9: FALSE | AX9: FALSE | AY9: FALSE | AZ9: FALSE | BA9: FALSE | BB9: FALSE | BC9: 49 | BD9: 9.6503238 | BE9: 8
A10: 279 | B10: UMG-NL | C10: UMG | D10: NL0015000IY2 | E10: XAMS | F10: 1834181554 | G10: 22.61 | H10: EUR | I10: 46598461 | J10: 39786466 | M10: 47611055 | N10: 25.067509 | O10: 25.950218 | P10: 39603260 | Q10: 26.64878 | R10: 39325563 | S10: 45813287 | T10: 22-Dec-25 | U10: UMG.AS | V10: 1 | W10: 21.72 | X10: 22.61 | Y10: 0.6 | Z10: 2.4882507e+10 | AA10: 0 | AB10: 0 | AC10: 9.7401696 | AD10: 1 | AE10: 0 | AF10: 0 | AG10: 0 | AH10: 0 | AI10: 0 | AJ10: 0 | AK10: 0 | AL10: 0 | AM10: 0 | AN10: 0 | AO10: FALSE | AP10: FALSE | AQ10: FALSE | AR10: FALSE | AS10: FALSE | AT10: FALSE | AU10: FALSE | AV10: FALSE | AW10: FALSE | AX10: FALSE | AY10: FALSE | AZ10: FALSE | BA10: FALSE | BB10: FALSE | BC10: 56 | BD10: 9.7401696 | BE10: 9
A11: 51 | B11: SAN-ES | C11: BANCO SANTANDER CENT | D11: ES0113900J37 | E11: XMAD | F11: 14885325000 | G11: 8.805 | H11: EUR | I11: 1.9934083e+08 | J11: 2.4831944e+08 | M11: 1.936803e+08 | N11: 26.54015 | O11: 26.308455 | P11: 1.9984515e+08 | Q11: 31.74772 | R11: 2.1740067e+08 | S11: 2.5332558e+08 | T11: 22-Dec-25 | U11: SAN.MC | V11: 1 | W11: 9.817 | X11: 8.805 | Y11: 1 | Z11: 131065286625 | AA11: 0 | AB11: 0 | AC11: 9.8890125 | AD11: 2 | AE11: 0 | AF11: 0 | AG11: 0 | AH11: 0 | AI11: 0 | AJ11: 0 | AK11: 0 | AL11: 0 | AM11: 0 | AN11: 0 | AO11: FALSE | AP11: FALSE | AQ11: FALSE | AR11: FALSE | AS11: FALSE | AT11: FALSE | AU11: FALSE | AV11: FALSE | AW11: FALSE | AX11: FALSE | AY11: FALSE | AZ11: FALSE | BA11: FALSE | BB11: FALSE | BC11: 7 | BD11: 9.8890125 | BE11: 10
A12: 165 | B12: KBC-BE | C12: KBC | D12: BE0003565737 | E12: XBRU | F12: 417544151 | G12: 105.35 | H12: EUR | I12: 39495466 | J12: 40066030 | M12: 36083656 | N12: 19.155403 | O12: 19.713436 | P12: 36288231 | Q12: 24.682182 | R12: 37189985 | S12: 43359474 | T12: 22-Dec-25 | U12: KBC.BR | V12: 1 | W12: 110.5 | X12: 105.35 | Y12: 0.55 | Z12: 2.4193552e+10 | AA12: 0 | AB12: 0 | AC12: 10.209262 | AD12: 1 | AE12: 0 | AF12: 0 | AG12: 0 | AH12: 0 | AI12: 0 | AJ12: 0 | AK12: 0 | AL12: 0 | AM12: 0 | AN12: 0 | AO12: FALSE | AP12: FALSE | AQ12: FALSE | AR12: FALSE | AS12: FALSE | AT12: FALSE | AU12: FALSE | AV12: FALSE | AW12: FALSE | AX12: FALSE | AY12: FALSE | AZ12: FALSE | BA12: FALSE | BB12: FALSE | BC12: 57 | BD12: 10.209262 | BE12: 11
A13: 282 | B13: UCG-IT | C13: UNICREDIT | D13: IT0005239360 | E13: MTAA | F13: 1557675176 | G13: 62.85 | H13: EUR | I13: 3.5910484e+08 | J13: 3.333183e+08 | M13: 3.1436746e+08 | N13: 26.839243 | O13: 26.80322 | P13: 3.2010403e+08 | Q13: 33.4783 | R13: 3.2023355e+08 | S13: 3.7337577e+08 | T13: 22-Dec-25 | U13: CRDI.MI | V13: 1 | W13: 69.5 | X13: 62.85 | Y13: 1 | Z13: 9.7899885e+10 | AA13: 0 | AB13: 0 | AC13: 10.553088 | AD13: 2 | AE13: 0 | AF13: 0 | AG13: 0 | AH13: 0 | AI13: 0 | AJ13: 0 | AK13: 0 | AL13: 0 | AM13: 0 | AN13: 0 | AO13: FALSE | AP13: FALSE | AQ13: FALSE | AR13: FALSE | AS13: FALSE | AT13: FALSE | AU13: FALSE | AV13: FALSE | AW13: FALSE | AX13: FALSE | AY13: FALSE | AZ13: FALSE | BA13: FALSE | BB13: FALSE | BC13: 14 | BD13: 10.553088 | BE13: 12
... A57: 291 | B57: DG-FR | C57: VINCI | D57: FR0000125486 | E57: XPAR | F57: 586933775 | G57: 119.2 | H57: EUR | I57: 1.1354378e+08 | J57: 82508689 | M57: 1.0548036e+08 | N57: 19.922636 | O57: 21.265522 | P57: 1.0062867e+08 | Q57: 20.998957 | R57: 1.0287758e+08 | S57: 1.1992691e+08 | T57: 22-Dec-25 | U57: SGEF.PA | V57: 1 | W57: 120.45 | X57: 119.2 | Y57: 0.9 | Z57: 62966255382 | AA57: 0 | AB57: 0 | AC57: 23.816012 | AD57: 2 | AE57: 0 | AF57: 0 | AG57: 0 | AH57: 0 | AI57: 0 | AJ57: 0 | AK57: 0 | AL57: 0 | AM57: 0 | AN57: 0 | AO57: FALSE | AP57: FALSE | AQ57: FALSE | AR57: FALSE | AS57: FALSE | AT57: FALSE | AU57: FALSE | AV57: FALSE | AW57: FALSE | AX57: FALSE | AY57: FALSE | AZ57: FALSE | BA57: FALSE | BB57: FALSE | BC57: 26 | BD57: 23.816012 | BE57: 56
A58: 275 | B58: TTE-FR | C58: TOTALENERGIES | D58: FR0000120271 | E58: XPAR | F58: 2206585543 | G58: 55.97 | H58: EUR | I58: 2.3762657e+08 | J58: 1.8371428e+08 | M58: 2.1268388e+08 | N58: 18.864147 | O58: 18.458822 | P58: 1.9268064e+08 | Q58: 22.570004 | R58: 2.0409281e+08 | S58: 2.3806623e+08 | T58: 22-Dec-25 | U58: TTEF.PA | V58: 1 | W58: 54.5 | X58: 55.97 | Y58: 0.9 | Z58: 1.1115233e+11 | AA58: 0 | AB58: 0 | AC58: 24.461063 | AD58: 3 | AE58: 1 | AF58: 0 | AG58: 0 | AH58: SE1 | AI58: 0 | AJ58: 0 | AK58: 0 | AL58: 0 | AM58: 0 | AN58: 1 | AO58: FALSE | AP58: FALSE | AQ58: FALSE | AR58: FALSE | AS58: FALSE | AT58: FALSE | AU58: FALSE | AV58: FALSE | AW58: FALSE | AX58: FALSE | AY58: FALSE | AZ58: FALSE | BA58: FALSE | BB58: FALSE | BC58: 9 | BD58: 24.461063 | BE58: 57
A59: 32 | B59: ARGX-BE | C59: ARGENX SE | D59: NL0010832176 | E59: XBRU | F59: 61568926 | G59: 800.4 | H59: EUR | I59: 49963237 | J59: 55411929 | M59: 56477556 | N59: 32.719334 | O59: 33.88742 | P59: 62904880 | Q59: 36.607117 | R59: 71799660 | S59: 83818951 | T59: 22-Dec-25 | U59: ARGX.BR | V59: 1 | W59: 726.6 | X59: 800.4 | Y59: 1 | Z59: 4.9279768e+10 | AA59: 0 | AB59: 0 | AC59: 24.860811 | AD59: 0 | AE59: 0 | AF59: 0 | AG59: 0 | AH59: 0 | AI59: 0 | AJ59: 0 | AK59: 0 | AL59: 0 | AM59: 0 | AN59: 0 | AO59: FALSE | AP59: FALSE | AQ59: FALSE | AR59: FALSE | AS59: FALSE | AT59: FALSE | AU59: FALSE | AV59: FALSE | AW59: FALSE | AX59: FALSE | AY59: FALSE | AZ59: FALSE | BA59: FALSE | BB59: FALSE | BC59: 31 | BD59: 24.860811 | BE59: 58
A60: 110 | B60: ENI-IT | C60: ENI | D60: IT0003132476 | E60: MTAA | F60: 3146765114 | G60: 16.096 | H60: EUR | I60: 1.6676166e+08 | J60: 1.4251562e+08 | M60: 1.5546809e+08 | N60: 14.851142 | O60: 14.622597 | P60: 1.5158101e+08 | Q60: 21.121368 | R60: 1.6105516e+08 | S60: 1.8767732e+08 | T60: 22-Dec-25 | U60: ENI.MI | V60: 1 | W60: 15.6 | X60: 16.096 | Y60: 0.65 | Z60: 3.2922715e+10 | AA60: 0 | AB60: 0 | AC60: 24.906737 | AD60: 2 | AE60: 0 | AF60: 0 | AG60: 0 | AH60: 0 | AI60: 0 | AJ60: 0 | AK60: 0 | AL60: 0 | AM60: 0 | AN60: 1 | AO60: FALSE | AP60: FALSE | AQ60: FALSE | AR60: FALSE | AS60: FALSE | AT60: FALSE | AU60: FALSE | AV60: FALSE | AW60: FALSE | AX60: FALSE | AY60: FALSE | AZ60: FALSE | BA60: FALSE | BB60: FALSE | BC60: 44 | BD60: 24.906737 | BE60: 59
A61: 54 | B61: BAS-DE | C61: BASF | D61: DE000BASF111 | E61: XETR | F61: 893854900 | G61: 43.79 | H61: EUR | I61: 1.2288008e+08 | J61: 99043942 | M61: 1.0294899e+08 | N61: 24.3595 | O61: 24.48902 | P61: 1.0218357e+08 | Q61: 26.716286 | R61: 92868303 | S61: 1.0819193e+08 | T61: 22-Dec-25 | U61: BASFn.DE | V61: 1 | W61: 44.52 | X61: 43.79 | Y61: 1 | Z61: 39141906071 | AA61: 0 | AB61: 0 | AC61: 25.368255 | AD61: 3 | AE61: 0 | AF61: 0 | AG61: 0 | AH61: 0 | AI61: 0 | AJ61: 0 | AK61: 0 | AL61: 0 | AM61: 0 | AN61: 0 | AO61: FALSE | AP61: FALSE | AQ61: FALSE | AR61: FALSE | AS61: FALSE | AT61: FALSE | AU61: FALSE | AV61: FALSE | AW61: FALSE | AX61: FALSE | AY61: FALSE | AZ61: FALSE | BA61: FALSE | BB61: FALSE | BC61: 39 | BD61: 25.368255 | BE61: 60

Sheet FFMC Eligible 60
A1: Rank | B1: Ticker | C1: Company | D1: ISIN code | E1: MIC | F1: Number of Shares | G1: Price | H1: Currency | I1: 12 month aver. turnover EUR | J1: 20 days aver. turn EUR | K1: 10 days aver. turn EUR | L1: 5 days aver. turn EUR | M1: 6 month aver. turnover EUR | N1: 126 days volatility | O1: 100 days volatility | P1: 100 days aver. turn EUR | Q1: 180 days volatility | R1: 3 months aver. Turnover EUR | S1: 3 months aver. Turnover USD | T1: Effective Date of Review | U1: #Symbol | V1: FX/Index Ccy | W1: Close Prc_EOD | X1: Close Prc_CO | Y1: Free Float Round: | Z1: FFMC_CO | AA1: 171613102999 - Controversial Weapons Non tailor-made or non essential-Category of Involvement Id | AB1: 171611102999 - Controversial Weapons Tailor-made and essential-Category of Involvement Id | AC1: 181110112399 - ESG Risk Score | AD1: 121010112599 - Highest Controversy Level-Answer Category | AE1: 172113112999 - Military Contracting Weapon-related products and/or services-Level of Involvement Id | AF1: 172111112999 - Military Contracting Weapons-Level of Involvement Id | AG1: 173011102999 - Oil Sands Extraction-Category of Involvement Id | AH1: 173211102999 - Shale Energy Extraction-Category of Involvement Id | AI1: 171711112999 - Small Arms Civilian customers (Assault weapons)-Level of Involvement Id | AJ1: 171721112999 - Small Arms Civilian customers (Non-assault weapons)-Level of Involvement Id | AK1: 171025111199 - Thermal Coal Extraction-Revenue Percentage | AL1: 172813112999 - Thermal Coal Power Generation-Level of Involvement Id | AM1: 172911112999 - Tobacco Products Production-Level of Involvement Id | AN1: 172915112999 - Tobacco Products Retail-Level of Involvement Id | AO1: excl_controversy | AP1: excl_tobacco_production | AQ1: excl_tobacco_retail | AR1: excl_military_weapons | AS1: excl_military_related | AT1: excl_controv_weapons_essential | AU1: excl_controv_weapons_non_essential | AV1: excl_small_arms_assault | AW1: excl_small_arms_non_assault | AX1: excl_oil_sands | AY1: excl_shale_energy | AZ1: excl_thermal_coal_extraction | BA1: excl_thermal_coal_power | BB1: excluded | BC1: FFMC_Rank | BD1: ESG_Risk_Score
A2: 36 | B2: ASML-NL | C2: ASML HOLDING | D2: NL0010273215 | E2: XAMS | F2: 388147674 | G2: 834 | H2: EUR | I2: 5.0748503e+08 | J2: 5.1907545e+08 | M2: 4.7687009e+08 | N2: 35.69043 | O2: 37.997826 | P2: 4.9820659e+08 | Q2: 36.628567 | R2: 5.3938184e+08 | S2: 6.2879074e+08 | T2: 22-Dec-25 | U2: ASML.AS | V2: 1 | W2: 908.6 | X2: 834 | Y2: 1 | Z2: 323715160116 | AA2: 0 | AB2: 0 | AC2: 8.928945 | AD2: 2 | AE2: 0 | AF2: 0 | AG2: 0 | AH2: 0 | AI2: 0 | AJ2: 0 | AK2: 0 | AL2: 0 | AM2: 0 | AN2: 0 | AO2: FALSE | AP2: FALSE | AQ2: FALSE | AR2: FALSE | AS2: FALSE | AT2: FALSE | AU2: FALSE | AV2: FALSE | AW2: FALSE | AX2: FALSE | AY2: FALSE | AZ2: FALSE | BA2: FALSE | BB2: FALSE | BC2: 1 | BD2: 8.928945
A3: 240 | B3: SAP-DE | C3: SAP | D3: DE0007164600 | E3: XETR | F3: 1228504300 | G3: 205 | H3: EUR | I3: 3.958539e+08 | J3: 2.6802564e+08 | M3: 3.4841661e+08 | N3: 27.421091 | O3: 28.854689 | P3: 3.2556895e+08 | Q3: 31.971903 | R3: 3.2230969e+08 | S3: 3.7602994e+08 | T3: 22-Dec-25 | U3: SAPG.DE | V3: 1 | W3: 206.65 | X3: 205 | Y3: 0.9 | Z3: 226659043350 | AA3: 0 | AB3: 0 | AC3: 11.22554 | AD3: 2 | AE3: 0 | AF3: 0 | AG3: 0 | AH3: 0 | AI3: 0 | AJ3: 0 | AK3: 0 | AL3: 0 | AM3: 0 | AN3: 0 | AO3: FALSE | AP3: FALSE | AQ3: FALSE | AR3: FALSE | AS3: FALSE | AT3: FALSE | AU3: FALSE | AV3: FALSE | AW3: FALSE | AX3: FALSE | AY3: FALSE | AZ3: FALSE | BA3: FALSE | BB3: FALSE | BC3: 2 | BD3: 11.22554
A4: 250 | B4: SIE-DE | C4: SIEMENS AG | D4: DE0007236101 | E4: XETR | F4: 800000000 | G4: 219.15 | H4: EUR | I4: 2.6484863e+08 | J4: 2.6831397e+08 | M4: 2.1893284e+08 | N4: 28.99122 | O4: 30.5399 | P4: 2.1063116e+08 | Q4: 32.5281 | R4: 2.1377388e+08 | S4: 2.4915543e+08 | T4: 22-Dec-25 | U4: SIEGn.DE | V4: 1 | W4: 237.5 | X4: 219.15 | Y4: 0.95 | Z4: 166554000000 | AA4: 0 | AB4: 0 | AC4: 22.967218 | AD4: 2 | AE4: 0 | AF4: 0 | AG4: 0 | AH4: 0 | AI4: 0 | AJ4: 0 | AK4: 0 | AL4: 0 | AM4: 0 | AN4: 0 | AO4: FALSE | AP4: FALSE | AQ4: FALSE | AR4: FALSE | AS4: FALSE | AT4: FALSE | AU4: FALSE | AV4: FALSE | AW4: FALSE | AX4: FALSE | AY4: FALSE | AZ4: FALSE | BA4: FALSE | BB4: FALSE | BC4: 3 | BD4: 22.967218
A5: 184 | B5: MC-FR | C5: LVMH | D5: FR0000121014 | E5: XPAR | F5: 497686940 | G5: 623 | H5: EUR | I5: 2.9617958e+08 | J5: 2.3267182e+08 | M5: 2.555721e+08 | N5: 32.682705 | O5: 33.556435 | P5: 2.5173734e+08 | Q5: 34.11415 | R5: 2.690273e+08 | S5: 3.1355595e+08 | T5: 22-Dec-25 | U5: LVMH.PA | V5: 1 | W5: 636.5 | X5: 623 | Y5: 0.5 | Z5: 155029481810 | AA5: 0 | AB5: 0 | AC5: 13.552071 | AD5: 2 | AE5: 0 | AF5: 0 | AG5: 0 | AH5: 0 | AI5: 0 | AJ5: 0 | AK5: 0 | AL5: 0 | AM5: 0 | AN5: 1 | AO5: FALSE | AP5: FALSE | AQ5: FALSE | AR5: FALSE | AS5: FALSE | AT5: FALSE | AU5: FALSE | AV5: FALSE | AW5: FALSE | AX5: FALSE | AY5: FALSE | AZ5: FALSE | BA5: FALSE | BB5: FALSE | BC5: 4 | BD5: 13.552071
A6: 24 | B6: ALV-DE | C6: ALLIANZ SE | D6: DE0008404005 | E6: XETR | F6: 386166700 | G6: 363.1 | H6: EUR | I6: 2.3615602e+08 | J6: 1.7284928e+08 | M6: 1.9210522e+08 | N6: 18.476725 | O6: 19.508808 | P6: 1.7809613e+08 | Q6: 21.759954 | R6: 1.6830398e+08 | S6: 1.9617526e+08 | T6: 22-Dec-25 | U6: ALVG.DE | V6: 1 | W6: 383.3 | X6: 363.1 | Y6: 1 | Z6: 140217128770 | AA6: 0 | AB6: 0 | AC6: 13.1641 | AD6: 2 | AE6: 0 | AF6: 0 | AG6: 0 | AH6: 0 | AI6: 0 | AJ6: 0 | AK6: 0 | AL6: 0 | AM6: 0 | AN6: 0 | AO6: FALSE | AP6: FALSE | AQ6: FALSE | AR6: FALSE | AS6: FALSE | AT6: FALSE | AU6: FALSE | AV6: FALSE | AW6: FALSE | AX6: FALSE | AY6: FALSE | AZ6: FALSE | BA6: FALSE | BB6: FALSE | BC6: 5 | BD6: 13.1641
A7: 283 | B7: UNA-NL | C7: UNILEVER | D7: GB00BVZK7T90 | E7: XAMS | F7: 2637743772 | G7: 49.238591 | H7: EUR | I7: 57583134 | J7: 50496488 | M7: 46827108 | N7: 12.712624 | O7: 13.10243 | P7: 48659108 | Q7: 15.492692 | R7: 50959180 | S7: 0 | T7: 22-Dec-25 | U7: ULVR.AS | V7: 1 | W7: 54.72 | X7: 52.36 | Y7: 1 | Z7: 1.3811226e+11 | AA7: 0 | AB7: 0 | AC7: 16.078095 | AD7: 2 | AE7: 0 | AF7: 0 | AG7: 0 | AH7: 0 | AI7: 0 | AJ7: 0 | AK7: 0 | AL7: 0 | AM7: 0 | AN7: 0 | AO7: FALSE | AP7: FALSE | AQ7: FALSE | AR7: FALSE | AS7: FALSE | AT7: FALSE | AU7: FALSE | AV7: FALSE | AW7: FALSE | AX7: FALSE | AY7: FALSE | AZ7: FALSE | BA7: FALSE | BB7: FALSE | BC7: 6 | BD7: 16.078095
A8: 51 | B8: SAN-ES | C8: BANCO SANTANDER CENT | D8: ES0113900J37 | E8: XMAD | F8: 14885325000 | G8: 8.805 | H8: EUR | I8: 1.9934083e+08 | J8: 2.4831944e+08 | M8: 1.936803e+08 | N8: 26.54015 | O8: 26.308455 | P8: 1.9984515e+08 | Q8: 31.74772 | R8: 2.1740067e+08 | S8: 2.5332558e+08 | T8: 22-Dec-25 | U8: SAN.MC | V8: 1 | W8: 9.817 | X8: 8.805 | Y8: 1 | Z8: 131065286625 | AA8: 0 | AB8: 0 | AC8: 9.8890125 | AD8: 2 | AE8: 0 | AF8: 0 | AG8: 0 | AH8: 0 | AI8: 0 | AJ8: 0 | AK8: 0 | AL8: 0 | AM8: 0 | AN8: 0 | AO8: FALSE | AP8: FALSE | AQ8: FALSE | AR8: FALSE | AS8: FALSE | AT8: FALSE | AU8: FALSE | AV8: FALSE | AW8: FALSE | AX8: FALSE | AY8: FALSE | AZ8: FALSE | BA8: FALSE | BB8: FALSE | BC8: 7 | BD8: 9.8890125
A9: 245 | B9: SU-FR | C9: SCHNEIDER ELECTRIC | D9: FR0000121972 | E9: XPAR | F9: 577122512 | G9: 222.3 | H9: EUR | I9: 2.2594707e+08 | J9: 2.0740473e+08 | M9: 1.9984495e+08 | N9: 29.388895 | O9: 29.79526 | P9: 2.0034853e+08 | Q9: 33.028824 | R9: 2.0033574e+08 | S9: 2.3358204e+08 | T9: 22-Dec-25 | U9: SCHN.PA | V9: 1 | W9: 239.25 | X9: 222.3 | Y9: 1 | Z9: 1.2829433e+11 | AA9: 0 | AB9: 0 | AC9: 7.1448088 | AD9: 2 | AE9: 1 | AF9: 0 | AG9: 0 | AH9: 0 | AI9: 0 | AJ9: 0 | AK9: 0 | AL9: 0 | AM9: 0 | AN9: 0 | AO9: FALSE | AP9: FALSE | AQ9: FALSE | AR9: FALSE | AS9: FALSE | AT9: FALSE | AU9: FALSE | AV9: FALSE | AW9: FALSE | AX9: FALSE | AY9: FALSE | AZ9: FALSE | BA9: FALSE | BB9: FALSE | BC9: 8 | BD9: 7.1448088
A10: 275 | B10: TTE-FR | C10: TOTALENERGIES | D10: FR0000120271 | E10: XPAR | F10: 2206585543 | G10: 55.97 | H10: EUR | I10: 2.3762657e+08 | J10: 1.8371428e+08 | M10: 2.1268388e+08 | N10: 18.864147 | O10: 18.458822 | P10: 1.9268064e+08 | Q10: 22.570004 | R10: 2.0409281e+08 | S10: 2.3806623e+08 | T10: 22-Dec-25 | U10: TTEF.PA | V10: 1 | W10: 54.5 | X10: 55.97 | Y10: 0.9 | Z10: 1.1115233e+11 | AA10: 0 | AB10: 0 | AC10: 24.461063 | AD10: 3 | AE10: 1 | AF10: 0 | AG10: 0 | AH10: SE1 | AI10: 0 | AJ10: 0 | AK10: 0 | AL10: 0 | AM10: 0 | AN10: 1 | AO10: FALSE | AP10: FALSE | AQ10: FALSE | AR10: FALSE | AS10: FALSE | AT10: FALSE | AU10: FALSE | AV10: FALSE | AW10: FALSE | AX10: FALSE | AY10: FALSE | AZ10: FALSE | BA10: FALSE | BB10: FALSE | BC10: 9 | BD10: 24.461063
A11: 150 | B11: IBE-ES | C11: IBERDROLA | D11: ES0144580Y14 | E11: XMAD | F11: 6681227500 | G11: 17.935 | H11: EUR | I11: 1.550091e+08 | J11: 1.3705291e+08 | M11: 1.4579592e+08 | N11: 14.332403 | O11: 14.399873 | P11: 1.4353444e+08 | Q11: 17.798939 | R11: 1.3876985e+08 | S11: 1.6181232e+08 | T11: 22-Dec-25 | U11: IBE.MC | V11: 1 | W11: 17.975 | X11: 17.935 | Y11: 0.9 | Z11: 1.0784503e+11 | AA11: 0 | AB11: 0 | AC11: 20.991966 | AD11: 2 | AE11: 0 | AF11: 0 | AG11: 0 | AH11: 0 | AI11: 0 | AJ11: 0 | AK11: 0 | AL11: 0 | AM11: 0 | AN11: 0 | AO11: FALSE | AP11: FALSE | AQ11: FALSE | AR11: FALSE | AS11: FALSE | AT11: FALSE | AU11: FALSE | AV11: FALSE | AW11: FALSE | AX11: FALSE | AY11: FALSE | AZ11: FALSE | BA11: FALSE | BB11: FALSE | BC11: 10 | BD11: 20.991966
A12: 57 | B12: BBVA-ES | C12: BBVA | D12: ES0113211835 | E12: XMAD | F12: 5763285600 | G12: 17.705 | H12: EUR | I12: 1.3566252e+08 | J12: 3.6713379e+08 | M12: 1.4393072e+08 | N12: 27.777552 | O12: 28.950481 | P12: 1.5470505e+08 | Q12: 31.000454 | R12: 1.7807689e+08 | S12: 2.0687009e+08 | T12: 22-Dec-25 | U12: BBVA.MC | V12: 1 | W12: 19.305 | X12: 17.705 | Y12: 1 | Z12: 102038971548 | AA12: 0 | AB12: 0 | AC12: 9.56425 | AD12: 2 | AE12: 0 | AF12: 0 | AG12: 0 | AH12: 0 | AI12: 0 | AJ12: 0 | AK12: 0 | AL12: 0 | AM12: 0 | AN12: 0 | AO12: FALSE | AP12: FALSE | AQ12: FALSE | AR12: FALSE | AS12: FALSE | AT12: FALSE | AU12: FALSE | AV12: FALSE | AW12: FALSE | AX12: FALSE | AY12: FALSE | AZ12: FALSE | BA12: FALSE | BB12: FALSE | BC12: 11 | BD12: 9.56425
A13: 239 | B13: SAN-FR | C13: SANOFI | D13: FR0000120578 | E13: XPAR | F13: 1227468973 | G13: 86.32 | H13: EUR | I13: 1.7813017e+08 | J13: 1.4714786e+08 | M13: 1.6111507e+08 | N13: 27.717335 | O13: 28.988537 | P13: 1.556939e+08 | Q13: 28.241545 | R13: 1.6255782e+08 | S13: 1.8952858e+08 | T13: 22-Dec-25 | U13: SASY.PA | V13: 1 | W13: 80.94 | X13: 86.32 | Y13: 0.95 | Z13: 1.0065737e+11 | AA13: 0 | AB13: 0 | AC13: 13.170217 | AD13: 3 | AE13: 0 | AF13: 0 | AG13: 0 | AH13: 0 | AI13: 0 | AJ13: 0 | AK13: 0 | AL13: 0 | AM13: 0 | AN13: 0 | AO13: FALSE | AP13: FALSE | AQ13: FALSE | AR13: FALSE | AS13: FALSE | AT13: FALSE | AU13: FALSE | AV13: FALSE | AW13: FALSE | AX13: FALSE | AY13: FALSE | AZ13: FALSE | BA13: FALSE | BB13: FALSE | BC13: 12 | BD13: 13.170217
A14: 112 | B14: EL-FR | C14: ESSILORLUXOTTICA | D14: FR0000121667 | E14: XPAR | F14: 463145529 | G14: 306 | H14: EUR | I14: 1.3693304e+08 | J14: 1.1182662e+08 | M14: 1.1914464e+08 | N14: 28.494783 | O14: 30.682514 | P14: 1.0759697e+08 | Q14: 30.26312 | R14: 1.1001145e+08 | S14: 1.2824073e+08 | T14: 22-Dec-25 | U14: ESLX.PA | V14: 1 | W14: 278.2 | X14: 306 | Y14: 0.7 | Z14: 9.9205772e+10 | AA14: 0 | AB14: 0 | AC14: 12.911463 | AD14: 2 | AE14: 0 | AF14: 0 | AG14: 0 | AH14: 0 | AI14: 0 | AJ14: 0 | AK14: 0 | AL14: 0 | AM14: 0 | AN14: 0 | AO14: FALSE | AP14: FALSE | AQ14: FALSE | AR14: FALSE | AS14: FALSE | AT14: FALSE | AU14: FALSE | AV14: FALSE | AW14: FALSE | AX14: FALSE | AY14: FALSE | AZ14: FALSE | BA14: FALSE | BB14: FALSE | BC14: 13 | BD14: 12.911463
A15: 282 | B15: UCG-IT | C15: UNICREDIT | D15: IT0005239360 | E15: MTAA | F15: 1557675176 | G15: 62.85 | H15: EUR | I15: 3.5910484e+08 | J15: 3.333183e+08 | M15: 3.1436746e+08 | N15: 26.839243 | O15: 26.80322 | P15: 3.2010403e+08 | Q15: 33.4783 | R15: 3.2023355e+08 | S15: 3.7337577e+08 | T15: 22-Dec-25 | U15: CRDI.MI | V15: 1 | W15: 69.5 | X15: 62.85 | Y15: 1 | Z15: 9.7899885e+10 | AA15: 0 | AB15: 0 | AC15: 10.553088 | AD15: 2 | AE15: 0 | AF15: 0 | AG15: 0 | AH15: 0 | AI15: 0 | AJ15: 0 | AK15: 0 | AL15: 0 | AM15: 0 | AN15: 0 | AO15: FALSE | AP15: FALSE | AQ15: FALSE | AR15: FALSE | AS15: FALSE | AT15: FALSE | AU15: FALSE | AV15: FALSE | AW15: FALSE | AX15: FALSE | AY15: FALSE | AZ15: FALSE | BA15: FALSE | BB15: FALSE | BC15: 14 | BD15: 10.553088
A16: 20 | B16: AI-FR | C16: AIR LIQUIDE | D16: FR0000120073 | E16: XPAR | F16: 578534275 | G16: 165.94 | H16: EUR | I16: 1.1950551e+08 | J16: 92896515 | M16: 1.0300352e+08 | N16: 14.12708 | O16: 14.407667 | P16: 96960052 | Q16: 18.233885 | R16: 98286987 | S16: 1.1455434e+08 | T16: 22-Dec-25 | U16: AIRP.PA | V16: 1 | W16: 159.4 | X16: 165.94 | Y16: 1 | Z16: 9.6001978e+10 | AA16: 0 | AB16: 0 | AC16: 13.379856 | AD16: 2 | AE16: 1 | AF16: 0 | AG16: 0 | AH16: 0 | AI16: 0 | AJ16: 0 | AK16: 0 | AL16: 0 | AM16: 0 | AN16: 0 | AO16: FALSE | AP16: FALSE | AQ16: FALSE | AR16: FALSE | AS16: FALSE | AT16: FALSE | AU16: FALSE | AV16: FALSE | AW16: FALSE | AX16: FALSE | AY16: FALSE | AZ16: FALSE | BA16: FALSE | BB16: FALSE | BC16: 15 | BD16: 13.379856
A17: 95 | B17: DTE-DE | C17: DEUTSCHE TELEKOM AG | D17: DE0005557508 | E17: XETR | F17: 4905190400 | G17: 27.62 | H17: EUR | I17: 2.1313939e+08 | J17: 1.7461593e+08 | M17: 1.7785968e+08 | N17: 20.588774 | O17: 20.002012 | P17: 1.6875682e+08 | Q17: 22.332178 | R17: 1.6757909e+08 | S17: 1.9533953e+08 | T17: 22-Dec-25 | U17: DTEGn.DE | V17: 1 | W17: 26.74 | X17: 27.62 | Y17: 0.7 | Z17: 9.4836951e+10 | AA17: 0 | AB17: 0 | AC17: 16.2697 | AD17: 2 | AE17: 0 | AF17: 0 | AG17: 0 | AH17: 0 | AI17: 0 | AJ17: 0 | AK17: 0 | AL17: 0 | AM17: 0 | AN17: 0 | AO17: FALSE | AP17: FALSE | AQ17: FALSE | AR17: FALSE | AS17: FALSE | AT17: FALSE | AU17: FALSE | AV17: FALSE | AW17: FALSE | AX17: FALSE | AY17: FALSE | AZ17: FALSE | BA17: FALSE | BB17: FALSE | BC17: 16 | BD17: 16.2697
A18: 180 | B18: OR-FR | C18: L'OREAL | D18: FR0000120321 | E18: XPAR | F18: 533783024 | G18: 361.5 | H18: EUR | I18: 1.3997562e+08 | J18: 1.0567946e+08 | M18: 1.1566859e+08 | N18: 23.4039 | O18: 23.904568 | P18: 1.1234032e+08 | Q18: 25.882713 | R18: 1.2014462e+08 | S18: 1.4013649e+08 | T18: 22-Dec-25 | U18: OREP.PA | V18: 1 | W18: 373.7 | X18: 361.5 | Y18: 0.45 | Z18: 8.6833153e+10 | AA18: 0 | AB18: 0 | AC18: 16.898519 | AD18: 3 | AE18: 0 | AF18: 0 | AG18: 0 | AH18: 0 | AI18: 0 | AJ18: 0 | AK18: 0 | AL18: 0 | AM18: 0 | AN18: 0 | AO18: FALSE | AP18: FALSE | AQ18: FALSE | AR18: FALSE | AS18: FALSE | AT18: FALSE | AU18: FALSE | AV18: FALSE | AW18: FALSE | AX18: FALSE | AY18: FALSE | AZ18: FALSE | BA18: FALSE | BB18: FALSE | BC18: 17 | BD18: 16.898519
A19: 158 | B19: ISP-IT | C19: INTESA SANPAOLO | D19: IT0000072618 | E19: MTAA | F19: 17413389613 | G19: 5.619 | H19: EUR | I19: 2.9376709e+08 | J19: 3.2506638e+08 | M19: 2.681535e+08 | N19: 23.324429 | O19: 24.010738 | P19: 2.6892967e+08 | Q19: 28.28163 | R19: 2.8286848e+08 | S19: 3.2952365e+08 | T19: 22-Dec-25 | U19: ISP.MI | V19: 1 | W19: 5.783 | X19: 5.619 | Y19: 0.8 | Z19: 7.8276669e+10 | AA19: 0 | AB19: 0 | AC19: 8.09 | AD19: 2 | AE19: 0 | AF19: 0 | AG19: 0 | AH19: 0 | AI19: 0 | AJ19: 0 | AK19: 0 | AL19: 0 | AM19: 0 | AN19: 0 | AO19: FALSE | AP19: FALSE | AQ19: FALSE | AR19: FALSE | AS19: FALSE | AT19: FALSE | AU19: FALSE | AV19: FALSE | AW19: FALSE | AX19: FALSE | AY19: FALSE | AZ19: FALSE | BA19: FALSE | BB19: FALSE | BC19: 18 | BD19: 8.09
A20: 64 | B20: BNP-FR | C20: BNP PARIBAS ACT.A | D20: FR0000131104 | E20: XPAR | F20: 1116784757 | G20: 70.47 | H20: EUR | I20: 2.1291789e+08 | J20: 1.9340635e+08 | M20: 1.9621499e+08 | N20: 26.853807 | O20: 27.375444 | P20: 1.929767e+08 | Q20: 30.01338 | R20: 2.0862623e+08 | S20: 2.4301411e+08 | T20: 22-Dec-25 | U20: BNPP.PA | V20: 1 | W20: 78.86 | X20: 70.47 | Y20: 0.95 | Z20: 7.4764831e+10 | AA20: 0 | AB20: 0 | AC20: 12.271731 | AD20: 2 | AE20: 0 | AF20: 0 | AG20: 0 | AH20: 0 | AI20: 0 | AJ20: 0 | AK20: 0 | AL20: 0 | AM20: 0 | AN20: 0 | AO20: FALSE | AP20: FALSE | AQ20: FALSE | AR20: FALSE | AS20: FALSE | AT20: FALSE | AU20: FALSE | AV20: FALSE | AW20: FALSE | AX20: FALSE | AY20: FALSE | AZ20: FALSE | BA20: FALSE | BB20: FALSE | BC20: 19 | BD20: 12.271731
A21: 196 | B21: MUV2-DE | C21: MUNICH RE | D21: DE0008430026 | E21: XETR | F21: 130645070 | G21: 532.4 | H21: EUR | I21: 1.426145e+08 | J21: 1.2494389e+08 | M21: 1.3028414e+08 | N21: 21.03891 | O21: 21.719397 | P21: 1.250673e+08 | Q21: 25.573225 | R21: 1.2641745e+08 | S21: 1.4746131e+08 | T21: 22-Dec-25 | U21: MUVGn.DE | V21: 1 | W21: 557.8 | X21: 532.4 | Y21: 1 | Z21: 69555435268 | AA21: 0 | AB21: 0 | AC21: 11.755625 | AD21: 2 | AE21: 0 | AF21: 0 | AG21: 0 | AH21: 0 | AI21: 0 | AJ21: 0 | AK21: 0 | AL21: 0 | AM21: 0 | AN21: 0 | AO21: FALSE | AP21: FALSE | AQ21: FALSE | AR21: FALSE | AS21: FALSE | AT21: FALSE | AU21: FALSE | AV21: FALSE | AW21: FALSE | AX21: FALSE | AY21: FALSE | AZ21: FALSE | BA21: FALSE | BB21: FALSE | BC21: 20 | BD21: 11.755625
A22: 41 | B22: CS-FR | C22: AXA | D22: FR0000120628 | E22: XPAR | F22: 2123594281 | G22: 38.14 | H22: EUR | I22: 1.5993902e+08 | J22: 1.6239349e+08 | M22: 1.5156317e+08 | N22: 20.694818 | O22: 21.842218 | P22: 1.4429684e+08 | Q22: 23.645367 | R22: 1.5184721e+08 | S22: 1.7691325e+08 | T22: 22-Dec-25 | U22: AXAF.PA | V22: 1 | W22: 40.55 | X22: 38.14 | Y22: 0.85 | Z22: 6.8844803e+10 | AA22: 0 | AB22: 0 | AC22: 13.927437 | AD22: 2 | AE22: 0 | AF22: 0 | AG22: 0 | AH22: 0 | AI22: 0 | AJ22: 0 | AK22: 0 | AL22: 0 | AM22: 0 | AN22: 0 | AO22: FALSE | AP22: FALSE | AQ22: FALSE | AR22: FALSE | AS22: FALSE | AT22: FALSE | AU22: FALSE | AV22: FALSE | AW22: FALSE | AX22: FALSE | AY22: FALSE | AZ22: FALSE | BA22: FALSE | BB22: FALSE | BC22: 21 | BD22: 13.927437
... A61: 63 | B61: BMW-DE | C61: BMW | D61: DE0005190003 | E61: XETR | F61: 561134950 | G61: 85.08 | H61: EUR | I61: 96091437 | J61: 70224767 | M61: 83732698 | N61: 28.764463 | O61: 28.80359 | P61: 86135291 | Q61: 31.023952 | R61: 83149016 | S61: 96887741 | T61: 22-Dec-25 | U61: BMWG.DE | V61: 1 | W61: 94.26 | X61: 85.08 | Y61: 0.5 | Z61: 23870680773 | AA61: 0 | AB61: 0 | AC61: 19.4944 | AD61: 2 | AE61: 0 | AF61: 0 | AG61: 0 | AH61: 0 | AI61: 0 | AJ61: 0 | AK61: 0 | AL61: 0 | AM61: 0 | AN61: 0 | AO61: FALSE | AP61: FALSE | AQ61: FALSE | AR61: FALSE | AS61: FALSE | AT61: FALSE | AU61: FALSE | AV61: FALSE | AW61: FALSE | AX61: FALSE | AY61: FALSE | AZ61: FALSE | BA61: FALSE | BB61: FALSE | BC61: 60 | BD61: 19.4944

Sheet Excluded Companies
A1: Rank | B1: Ticker | C1: Company | D1: ISIN code | E1: MIC | F1: Number of Shares | G1: Price | H1: Currency | I1: 12 month aver. turnover EUR | J1: 20 days aver. turn EUR | K1: 10 days aver. turn EUR | L1: 5 days aver. turn EUR | M1: 6 month aver. turnover EUR | N1: 126 days volatility | O1: 100 days volatility | P1: 100 days aver. turn EUR | Q1: 180 days volatility | R1: 3 months aver. Turnover EUR | S1: 3 months aver. Turnover USD | T1: Effective Date of Review | U1: #Symbol | V1: FX/Index Ccy | W1: Close Prc_EOD | X1: Close Prc_CO | Y1: Free Float Round: | Z1: FFMC_CO | AA1: 171613102999 - Controversial Weapons Non tailor-made or non essential-Category of Involvement Id | AB1: 171611102999 - Controversial Weapons Tailor-made and essential-Category of Involvement Id | AC1: 181110112399 - ESG Risk Score | AD1: 121010112599 - Highest Controversy Level-Answer Category | AE1: 172113112999 - Military Contracting Weapon-related products and/or services-Level of Involvement Id | AF1: 172111112999 - Military Contracting Weapons-Level of Involvement Id | AG1: 173011102999 - Oil Sands Extraction-Category of Involvement Id | AH1: 173211102999 - Shale Energy Extraction-Category of Involvement Id | AI1: 171711112999 - Small Arms Civilian customers (Assault weapons)-Level of Involvement Id | AJ1: 171721112999 - Small Arms Civilian customers (Non-assault weapons)-Level of Involvement Id | AK1: 171025111199 - Thermal Coal Extraction-Revenue Percentage | AL1: 172813112999 - Thermal Coal Power Generation-Level of Involvement Id | AM1: 172911112999 - Tobacco Products Production-Level of Involvement Id | AN1: 172915112999 - Tobacco Products Retail-Level of Involvement Id | AO1: excl_controversy | AP1: excl_tobacco_production | AQ1: excl_tobacco_retail | AR1: excl_military_weapons | AS1: excl_military_related | AT1: excl_controv_weapons_essential | AU1: excl_controv_weapons_non_essential | AV1: excl_small_arms_assault | AW1: excl_small_arms_non_assault | AX1: excl_oil_sands | AY1: excl_shale_energy | AZ1: excl_thermal_coal_extraction | BA1: excl_thermal_coal_power | BB1: excluded
A2: 1 | B2: A2A-IT | C2: A2A | D2: IT0001233417 | E2: MTAA | F2: 3132905277 | G2: 2.357 | H2: EUR | I2: 21356336 | J2: 38747531 | M2: 20226624 | N2: 22.946901 | O2: 24.391619 | P2: 20378072 | Q2: 27.23011 | R2: 22744138 | S2: 26464460 | T2: 22-Dec-25 | U2: A2.MI | V2: 1 | W2: 2.26 | X2: 2.357 | Y2: 0.5 | Z2: 3.6921289e+09 | AA2: 0 | AB2: 0 | AC2: 28.479181 | AD2: 2 | AE2: 0 | AF2: 0 | AG2: 0 | AH2: 0 | AI2: 0 | AJ2: 0 | AK2: 0 | AL2: 1 | AM2: 0 | AN2: 0 | AO2: FALSE | AP2: FALSE | AQ2: FALSE | AR2: FALSE | AS2: FALSE | AT2: FALSE | AU2: FALSE | AV2: FALSE | AW2: FALSE | AX2: FALSE | AY2: FALSE | AZ2: FALSE | BA2: TRUE | BB2: TRUE
A3: 21 | B3: AIR-FR | C3: AIRBUS | D3: NL0000235190 | E3: XPAR | F3: 792283683 | G3: 202.75 | H3: EUR | I3: 1.8871926e+08 | J3: 1.6729117e+08 | M3: 1.7095168e+08 | N3: 21.41899 | O3: 20.605274 | P3: 1.6736631e+08 | Q3: 28.784521 | R3: 1.6885063e+08 | S3: 1.9690221e+08 | T3: 22-Dec-25 | U3: AIR.PA | V3: 1 | W3: 192.96 | X3: 202.75 | Y3: 0.75 | Z3: 1.2047664e+11 | AA3: 0 | AB3: CW1 | AC3: 20.333018 | AD3: 2 | AE3: 0 | AF3: 3 | AG3: 0 | AH3: 0 | AI3: 0 | AJ3: 0 | AK3: 0 | AL3: 0 | AM3: 0 | AN3: 0 | AO3: FALSE | AP3: FALSE | AQ3: FALSE | AR3: TRUE | AS3: FALSE | AT3: FALSE | AU3: FALSE | AV3: FALSE | AW3: FALSE | AX3: FALSE | AY3: FALSE | AZ3: FALSE | BA3: FALSE | BB3: TRUE
A4: 56 | B4: BAYN-DE | C4: BAYER AG | D4: DE000BAY0017 | E4: XETR | F4: 982424100 | G4: 27.585 | H4: EUR | I4: 80528977 | J4: 64711634 | M4: 70798654 | N4: 32.553543 | O4: 32.91984 | P4: 65891736 | Q4: 36.567383 | R4: 59831212 | S4: 69761048 | T4: 22-Dec-25 | U4: BAYGn.DE | V4: 1 | W4: 35.055 | X4: 27.585 | Y4: 1 | Z4: 2.7100169e+10 | AA4: 0 | AB4: 0 | AC4: 22.227213 | AD4: 5 | AE4: 0 | AF4: 0 | AG4: 0 | AH4: 0 | AI4: 0 | AJ4: 0 | AK4: 0 | AL4: 0 | AM4: 0 | AN4: 0 | AO4: TRUE | AP4: FALSE | AQ4: FALSE | AR4: FALSE | AS4: FALSE | AT4: FALSE | AU4: FALSE | AV4: FALSE | AW4: FALSE | AX4: FALSE | AY4: FALSE | AZ4: FALSE | BA4: FALSE | BB4: TRUE
A5: 88 | B5: AM-FR | C5: DASSAULT AVIATION | D5: FR0014004L86 | E5: XPAR | F5: 78397034 | G5: 265.8 | H5: EUR | I5: 16921318 | J5: 13580972 | M5: 16106851 | N5: 28.252726 | O5: 29.07985 | P5: 15322628 | Q5: 31.66167 | R5: 15257593 | S5: 17801641 | T5: 22-Dec-25 | U5: AM.PA | V5: 1 | W5: 268.6 | X5: 265.8 | Y5: 0.25 | Z5: 5.2094829e+09 | AA5: 0 | AB5: 0 | AC5: 31.245791 | AD5: 2 | AE5: 0 | AF5: 5 | AG5: 0 | AH5: 0 | AI5: 0 | AJ5: 0 | AK5: 0 | AL5: 0 | AM5: 0 | AN5: 0 | AO5: FALSE | AP5: FALSE | AQ5: FALSE | AR5: TRUE | AS5: FALSE | AT5: FALSE | AU5: FALSE | AV5: FALSE | AW5: FALSE | AX5: FALSE | AY5: FALSE | AZ5: FALSE | BA5: FALSE | BB5: TRUE
A6: 98 | B6: EOAN-DE | C6: E.ON SE | D6: DE000ENAG999 | E6: XETR | F6: 2641318800 | G6: 15.5 | H6: EUR | I6: 75787241 | J6: 68178826 | M6: 64558929 | N6: 16.391392 | O6: 16.318872 | P6: 59693199 | Q6: 19.656118 | R6: 59440270 | S6: 69301799 | T6: 22-Dec-25 | U6: EONGn.DE | V6: 1 | W6: 15.39 | X6: 15.5 | Y6: 0.85 | Z6: 34799375190 | AA6: 0 | AB6: 0 | AC6: 17.090985 | AD6: 2 | AE6: 0 | AF6: 0 | AG6: 0 | AH6: 0 | AI6: 0 | AJ6: 0 | AK6: 0 | AL6: 1 | AM6: 0 | AN6: 0 | AO6: FALSE | AP6: FALSE | AQ6: FALSE | AR6: FALSE | AS6: FALSE | AT6: FALSE | AU6: FALSE | AV6: FALSE | AW6: FALSE | AX6: FALSE | AY6: FALSE | AZ6: FALSE | BA6: TRUE | BB6: TRUE
A7: 100 | B7: EDP-PT | C7: EDP | D7: PTEDP0AM0009 | E7: XLIS | F7: 4184021624 | G7: 3.76 | H7: EUR | I7: 35407925 | J7: 47531076 | M7: 32116138 | N7: 22.393007 | O7: 24.202372 | P7: 32735235 | Q7: 28.072851 | R7: 35320298 | S7: 41149381 | T7: 22-Dec-25 | U7: EDP.LS | V7: 1 | W7: 3.812 | X7: 3.76 | Y7: 0.7 | Z7: 1.1012345e+10 | AA7: 0 | AB7: 0 | AC7: 19.228485 | AD7: 3 | AE7: 0 | AF7: 0 | AG7: 0 | AH7: 0 | AI7: 0 | AJ7: 0 | AK7: 0 | AL7: 1 | AM7: 0 | AN7: 0 | AO7: FALSE | AP7: FALSE | AQ7: FALSE | AR7: FALSE | AS7: FALSE | AT7: FALSE | AU7: FALSE | AV7: FALSE | AW7: FALSE | AX7: FALSE | AY7: FALSE | AZ7: FALSE | BA7: TRUE | BB7: TRUE
A8: 107 | B8: ELE-ES | C8: ENDESA | D8: ES0130670112 | E8: XMAD | F8: 1058752100 | G8: 30.88 | H8: EUR | I8: 25012838 | J8: 22131242 | M8: 22401015 | N8: 16.357222 | O8: 16.344465 | P8: 20387472 | Q8: 20.75655 | R8: 20463575 | S8: 23841930 | T8: 22-Dec-25 | U8: ELE.MC | V8: 1 | W8: 30.7 | X8: 30.88 | Y8: 0.3 | Z8: 9.8082795e+09 | AA8: 0 | AB8: 0 | AC8: 21.355281 | AD8: 2 | AE8: 0 | AF8: 0 | AG8: 0 | AH8: 0 | AI8: 0 | AJ8: 0 | AK8: 0 | AL8: 1 | AM8: 0 | AN8: 0 | AO8: FALSE | AP8: FALSE | AQ8: FALSE | AR8: FALSE | AS8: FALSE | AT8: FALSE | AU8: FALSE | AV8: FALSE | AW8: FALSE | AX8: FALSE | AY8: FALSE | AZ8: FALSE | BA8: TRUE | BB8: TRUE
A9: 108 | B9: ENEL-IT | C9: ENEL | D9: IT0003128367 | E9: MTAA | F9: 10166679946 | G9: 8.784 | H9: EUR | I9: 1.7847212e+08 | J9: 1.6654002e+08 | M9: 1.5151314e+08 | N9: 12.59181 | O9: 12.996296 | P9: 1.4983224e+08 | Q9: 17.718805 | R9: 1.4857509e+08 | S9: 1.7312563e+08 | T9: 22-Dec-25 | U9: ENEI.MI | V9: 1 | W9: 8.778 | X9: 8.784 | Y9: 0.75 | Z9: 6.6978087e+10 | AA9: 0 | AB9: 0 | AC9: 17.395155 | AD9: 3 | AE9: 0 | AF9: 0 | AG9: 0 | AH9: 0 | AI9: 0 | AJ9: 0 | AK9: 0 | AL9: 1 | AM9: 0 | AN9: 0 | AO9: FALSE | AP9: FALSE | AQ9: FALSE | AR9: FALSE | AS9: FALSE | AT9: FALSE | AU9: FALSE | AV9: FALSE | AW9: FALSE | AX9: FALSE | AY9: FALSE | AZ9: FALSE | BA9: TRUE | BB9: TRUE
A10: 109 | B10: ENGI-FR | C10: ENGIE | D10: FR0010208488 | E10: XPAR | F10: 2435285011 | G10: 21.62 | H10: EUR | I10: 91648028 | J10: 1.045762e+08 | M10: 79798898 | N10: 16.273924 | O10: 16.579367 | P10: 77569151 | Q10: 19.988634 | R10: 80919662 | S10: 94211911 | T10: 22-Dec-25 | U10: ENGIE.PA | V10: 1 | W10: 21.73 | X10: 21.62 | Y10: 0.75 | Z10: 3.9488146e+10 | AA10: 0 | AB10: 0 | AC10: 22.790717 | AD10: 2 | AE10: 0 | AF10: 0 | AG10: 0 | AH10: 0 | AI10: 0 | AJ10: 0 | AK10: 0 | AL10: 1 | AM10: 0 | AN10: 0 | AO10: FALSE | AP10: FALSE | AQ10: FALSE | AR10: FALSE | AS10: FALSE | AT10: FALSE | AU10: FALSE | AV10: FALSE | AW10: FALSE | AX10: FALSE | AY10: FALSE | AZ10: FALSE | BA10: TRUE | BB10: TRUE
A11: 125 | B11: FORTUM-FI | C11: FORTUM OYJ | D11: FI0009007132 | E11: XHEL | F11: 897264470 | G11: 18.195 | H11: EUR | I11: 22002573 | J11: 29582141 | M11: 20811120 | N11: 22.80518 | O11: 24.145807 | P11: 20988319 | Q11: 27.318342 | R11: 22992144 | S11: 26754344 | T11: 22-Dec-25 | U11: FORTUM.HE | V11: 1 | W11: 18.055 | X11: 18.195 | Y11: 0.5 | Z11: 8.1628635e+09 | AA11: 0 | AB11: 0 | AC11: 26.022595 | AD11: 2 | AE11: 0 | AF11: 0 | AG11: 0 | AH11: 0 | AI11: 0 | AJ11: 0 | AK11: 0 | AL11: 1 | AM11: 0 | AN11: 0 | AO11: FALSE | AP11: FALSE | AQ11: FALSE | AR11: FALSE | AS11: FALSE | AT11: FALSE | AU11: FALSE | AV11: FALSE | AW11: FALSE | AX11: FALSE | AY11: FALSE | AZ11: FALSE | BA11: TRUE | BB11: TRUE
A12: 145 | B12: HAG-DE | C12: HENSOLDT AG | D12: DE000HAG0005 | E12: XETR | F12: 115500000 | G12: 72.5 | H12: EUR | I12: 54041310 | J12: 49693964 | M12: 60542833 | N12: 53.905945 | O12: 52.049183 | P12: 52695791 | Q12: 58.235455 | R12: 53971996 | S12: 62942364 | T12: 22-Dec-25 | U12: HAGG.DE | V12: 1 | W12: 69.6 | X12: 72.5 | Y12: 0.5 | Z12: 4186875000 | AA12: 0 | AB12: 0 | AC12: 21.753833 | AD12: 0 | AE12: 5 | AF12: 0 | AG12: 0 | AH12: 0 | AI12: 0 | AJ12: 0 | AK12: 0 | AL12: 0 | AM12: 0 | AN12: 0 | AO12: FALSE | AP12: FALSE | AQ12: FALSE | AR12: FALSE | AS12: TRUE | AT12: FALSE | AU12: FALSE | AV12: FALSE | AW12: FALSE | AX12: FALSE | AY12: FALSE | AZ12: FALSE | BA12: FALSE | BB12: TRUE
A13: 153 | B13: IDR-ES | C13: INDRA SISTEMAS SA | D13: ES0118594417 | E13: XMAD | F13: 176654400 | G13: 45.06 | H13: EUR | I13: 29629564 | J13: 38603396 | M13: 35811038 | N13: 38.426052 | O13: 36.72154 | P13: 33961984 | Q13: 38.923267 | R13: 35652334 | S13: 41510374 | T13: 22-Dec-25 | U13: IDR.MC | V13: 1 | W13: 46.26 | X13: 45.06 | Y13: 0.45 | Z13: 3.5820213e+09 | AA13: 0 | AB13: 0 | AC13: 11.392304 | AD13: 2 | AE13: 3 | AF13: 0 | AG13: 0 | AH13: 0 | AI13: 0 | AJ13: 0 | AK13: 0 | AL13: 0 | AM13: 0 | AN13: 0 | AO13: FALSE | AP13: FALSE | AQ13: FALSE | AR13: FALSE | AS13: TRUE | AT13: FALSE | AU13: FALSE | AV13: FALSE | AW13: FALSE | AX13: FALSE | AY13: FALSE | AZ13: FALSE | BA13: FALSE | BB13: TRUE
A14: 162 | B14: IVG-IT | C14: IVECO GROUP | D14: NL0015000LU4 | E14: MTAA | F14: 271215400 | G14: 18.295 | H14: EUR | I14: 37869729 | J14: 24668736 | M14: 38485106 | N14: 29.714762 | O14: 30.11968 | P14: 40731028 | Q14: 35.90378 | R14: 27121194 | S14: 31619090 | T14: 22-Dec-25 | U14: IVG.MI | V14: 1 | W14: 18.75 | X14: 18.295 | Y14: 0.65 | Z14: 3.2252257e+09 | AA14: 0 | AB14: 0 | AC14: 20.56445 | AD14: 3 | AE14: 0 | AF14: 1 | AG14: 0 | AH14: 0 | AI14: 0 | AJ14: 0 | AK14: 0 | AL14: 0 | AM14: 0 | AN14: 0 | AO14: FALSE | AP14: FALSE | AQ14: FALSE | AR14: TRUE | AS14: FALSE | AT14: FALSE | AU14: FALSE | AV14: FALSE | AW14: FALSE | AX14: FALSE | AY14: FALSE | AZ14: FALSE | BA14: FALSE | BB14: TRUE
A15: 179 | B15: LDO-IT | C15: LEONARDO | D15: IT0003856405 | E15: MTAA | F15: 578150395 | G15: 46.04 | H15: EUR | I15: 1.5806246e+08 | J15: 1.5480818e+08 | M15: 1.5757024e+08 | N15: 40.725815 | O15: 41.131775 | P15: 1.5262216e+08 | Q15: 44.153633 | R15: 1.5093171e+08 | S15: 1.7597766e+08 | T15: 22-Dec-25 | U15: LDOF.MI | V15: 1 | W15: 46.27 | X15: 46.04 | Y15: 0.7 | Z15: 1.8632631e+10 | AA15: 0 | AB15: CW1 | AC15: 22.308119 | AD15: 2 | AE15: 0 | AF15: 5 | AG15: 0 | AH15: 0 | AI15: 0 | AJ15: 0 | AK15: 0 | AL15: 0 | AM15: 0 | AN15: 0 | AO15: FALSE | AP15: FALSE | AQ15: FALSE | AR15: TRUE | AS15: FALSE | AT15: FALSE | AU15: FALSE | AV15: FALSE | AW15: FALSE | AX15: FALSE | AY15: FALSE | AZ15: FALSE | BA15: FALSE | BB15: TRUE
A16: 195 | B16: MTX-DE | C16: MTU AERO ENGINES AG | D16: DE000A0D9PT0 | E16: XETR | F16: 53824490 | G16: 348.6 | H16: EUR | I16: 47259077 | J16: 44143374 | M16: 44819135 | N16: 25.211674 | O16: 25.682968 | P16: 43049157 | Q16: 31.613241 | R16: 42760036 | S16: 49830169 | T16: 22-Dec-25 | U16: MTXGn.DE | V16: 1 | W16: 351.2 | X16: 348.6 | Y16: 1 | Z16: 18763217214 | AA16: 0 | AB16: 0 | AC16: 24.317205 | AD16: 2 | AE16: 0 | AF16: 2 | AG16: 0 | AH16: 0 | AI16: 0 | AJ16: 0 | AK16: 0 | AL16: 0 | AM16: 0 | AN16: 0 | AO16: FALSE | AP16: FALSE | AQ16: FALSE | AR16: TRUE | AS16: FALSE | AT16: FALSE | AU16: FALSE | AV16: FALSE | AW16: FALSE | AX16: FALSE | AY16: FALSE | AZ16: FALSE | BA16: FALSE | BB16: TRUE
A17: 211 | B17: PHIA-NL | C17: PHILIPS KON | D17: NL0000009538 | E17: XAMS | F17: 962920132 | G17: 23.49 | H17: EUR | I17: 39174318 | J17: 32619393 | M17: 34216114 | N17: 26.182175 | O17: 26.881195 | P17: 32729479 | Q17: 27.408554 | R17: 32230026 | S17: 37563228 | T17: 22-Dec-25 | U17: PHG.AS | V17: 1 | W17: 22.55 | X17: 23.49 | Y17: 0.8 | Z17: 1.8095195e+10 | AA17: 0 | AB17: 0 | AC17: 20.291538 | AD17: 4 | AE17: 0 | AF17: 0 | AG17: 0 | AH17: 0 | AI17: 0 | AJ17: 0 | AK17: 0 | AL17: 0 | AM17: 0 | AN17: 0 | AO17: TRUE | AP17: FALSE | AQ17: FALSE | AR17: FALSE | AS17: FALSE | AT17: FALSE | AU17: FALSE | AV17: FALSE | AW17: FALSE | AX17: FALSE | AY17: FALSE | AZ17: FALSE | BA17: FALSE | BB17: TRUE
A18: 227 | B18: R3NK-DE | C18: RENK GROUP | D18: DE000RENK730 | E18: XETR | F18: 100000000 | G18: 50.86 | H18: EUR | I18: 61430635 | J18: 42935216 | M18: 75259848 | N18: 55.012714 | O18: 52.51135 | P18: 60812996 | Q18: 62.250744 | R18: 54480743 | S18: 63562657 | T18: 22-Dec-25 | U18: R3NK.DE | V18: 1 | W18: 51.62 | X18: 50.86 | Y18: 0.85 | Z18: 4323100000 | AA18: 0 | AB18: 0 | AD18: 0 | AE18: 0 | AF18: 4 | AG18: 0 | AH18: 0 | AI18: 0 | AJ18: 0 | AK18: 0 | AL18: 0 | AM18: 0 | AN18: 0 | AO18: FALSE | AP18: FALSE | AQ18: FALSE | AR18: TRUE | AS18: FALSE | AT18: FALSE | AU18: FALSE | AV18: FALSE | AW18: FALSE | AX18: FALSE | AY18: FALSE | AZ18: FALSE | BA18: FALSE | BB18: TRUE
A19: 231 | B19: RHM-DE | C19: RHEINMETALL | D19: DE0007030009 | E19: XETR | F19: 46002533 | G19: 1519.5 | H19: EUR | I19: 4.4110922e+08 | J19: 4.2864762e+08 | M19: 4.5048679e+08 | N19: 42.57974 | O19: 39.89137 | P19: 4.0696993e+08 | Q19: 47.26752 | R19: 3.9579995e+08 | S19: 4.6155088e+08 | T19: 22-Dec-25 | U19: RHMG.DE | V19: 1 | W19: 1502 | X19: 1519.5 | Y19: 1 | Z19: 6.9900849e+10 | AA19: 0 | AB19: 0 | AC19: 26.50728 | AD19: 2 | AE19: 0 | AF19: 5 | AG19: 0 | AH19: 0 | AI19: 0 | AJ19: 0 | AK19: 0 | AL19: 0 | AM19: 0 | AN19: 0 | AO19: FALSE | AP19: FALSE | AQ19: FALSE | AR19: TRUE | AS19: FALSE | AT19: FALSE | AU19: FALSE | AV19: FALSE | AW19: FALSE | AX19: FALSE | AY19: FALSE | AZ19: FALSE | BA19: FALSE | BB19: TRUE
A20: 233 | B20: RWE-DE | C20: RWE AG | D20: DE0007037129 | E20: XETR | F20: 743841200 | G20: 44.04 | H20: EUR | I20: 77436450 | J20: 95247136 | M20: 68392421 | N20: 22.598923 | O20: 24.29708 | P20: 66190050 | Q20: 23.352789 | R20: 71529821 | S20: 83313798 | T20: 22-Dec-25 | U20: RWEG.DE | V20: 1 | W20: 43.88 | X20: 44.04 | Y20: 0.9 | Z20: 2.948289e+10 | AA20: 0 | AB20: 0 | AC20: 22.380076 | AD20: 2 | AE20: 0 | AF20: 0 | AG20: 0 | AH20: 0 | AI20: 0 | AJ20: 0 | AK20: 0 | AL20: 3 | AM20: 0 | AN20: 0 | AO20: FALSE | AP20: FALSE | AQ20: FALSE | AR20: FALSE | AS20: FALSE | AT20: FALSE | AU20: FALSE | AV20: FALSE | AW20: FALSE | AX20: FALSE | AY20: FALSE | AZ20: FALSE | BA20: TRUE | BB20: TRUE
A21: 235 | B21: SAF-FR | C21: SAFRAN | D21: FR0000073272 | E21: XPAR | F21: 423632587 | G21: 289.4 | H21: EUR | I21: 1.4936607e+08 | J21: 1.2216744e+08 | M21: 1.3311022e+08 | N21: 20.57878 | O21: 20.293333 | P21: 1.3178493e+08 | Q21: 28.38711 | R21: 1.3388797e+08 | S21: 1.5612065e+08 | T21: 22-Dec-25 | U21: SAF.PA | V21: 1 | W21: 293.7 | X21: 289.4 | Y21: 0.75 | Z21: 9.1949453e+10 | AA21: 0 | AB21: CW1 | AC21: 27.085362 | AD21: 2 | AE21: 0 | AF21: 3 | AG21: 0 | AH21: 0 | AI21: 0 | AJ21: 0 | AK21: 0 | AL21: 0 | AM21: 0 | AN21: 0 | AO21: FALSE | AP21: FALSE | AQ21: FALSE | AR21: TRUE | AS21: FALSE | AT21: FALSE | AU21: FALSE | AV21: FALSE | AW21: FALSE | AX21: FALSE | AY21: FALSE | AZ21: FALSE | BA21: FALSE | BB21: TRUE
A22: 249 | B22: SHELL-NL | C22: SHELL PLC | D22: GB00BP6MXD84 | E22: XAMS | F22: 5977723229 | G22: 31.775 | H22: EUR | I22: 1.7408623e+08 | J22: 1.6932927e+08 | M22: 1.4964321e+08 | N22: 17.12968 | O22: 16.406609 | P22: 1.4949047e+08 | Q22: 22.196854 | R22: 1.5827562e+08 | S22: 1.8442155e+08 | T22: 22-Dec-25 | U22: SHEL.AS | V22: 1 | W22: 30.1 | X22: 31.775 | Y22: 1 | Z22: 1.8994216e+11 | AA22: 0 | AB22: 0 | AC22: 31.377848 | AD22: 4 | AE22: 0 | AF22: 0 | AG22: OS1 | AH22: SE1 | AI22: 0 | AJ22: 0 | AK22: 0 | AL22: 0 | AM22: 0 | AN22: 1 | AO22: TRUE | AP22: FALSE | AQ22: FALSE | AR22: FALSE | AS22: FALSE | AT22: FALSE | AU22: FALSE | AV22: FALSE | AW22: FALSE | AX22: FALSE | AY22: FALSE | AZ22: FALSE | BA22: FALSE | BB22: TRUE
A23: 251 | B23: ENR-DE | C23: SIEMENS ENERGY AG | D23: DE000ENER6Y0 | E23: XETR | F23: 861104900 | G23: 100.8 | H23: EUR | I23: 2.1203614e+08 | J23: 2.7269078e+08 | M23: 2.1026295e+08 | N23: 45.854774 | O23: 48.048843 | P23: 2.1357798e+08 | Q23: 48.263447 | R23: 2.325269e+08 | S23: 2.7106739e+08 | T23: 22-Dec-25 | U23: ENR1n.DE | V23: 1 | W23: 119.4 | X23: 100.8 | Y23: 0.9 | Z23: 78119436528 | AA23: 0 | AB23: 0 | AC23: 12.408012 | AD23: 2 | AE23: 0 | AF23: 1 | AG23: 0 | AH23: 0 | AI23: 0 | AJ23: 0 | AK23: 0 | AL23: 0 | AM23: 0 | AN23: 0 | AO23: FALSE | AP23: FALSE | AQ23: FALSE | AR23: TRUE | AS23: FALSE | AT23: FALSE | AU23: FALSE | AV23: FALSE | AW23: FALSE | AX23: FALSE | AY23: FALSE | AZ23: FALSE | BA23: FALSE | BB23: TRUE
A24: 272 | B24: HO-FR | C24: THALES | D24: FR0000121329 | E24: XPAR | F24: 205941913 | G24: 226.9 | H24: EUR | I24: 69087379 | J24: 55917789 | M24: 64935701 | N24: 29.593424 | O24: 28.835087 | P24: 59951230 | Q24: 32.04075 | R24: 62307305 | S24: 72690523 | T24: 22-Dec-25 | U24: TCFP.PA | V24: 1 | W24: 227.5 | X24: 226.9 | Y24: 0.45 | Z24: 2.1027699e+10 | AA24: 0 | AB24: CW1 | AC24: 26.52162 | AD24: 2 | AE24: 0 | AF24: 5 | AG24: 0 | AH24: 0 | AI24: 0 | AJ24: 0 | AK24: 0 | AL24: 0 | AM24: 0 | AN24: 0 | AO24: FALSE | AP24: FALSE | AQ24: FALSE | AR24: TRUE | AS24: FALSE | AT24: FALSE | AU24: FALSE | AV24: FALSE | AW24: FALSE | AX24: FALSE | AY24: FALSE | AZ24: FALSE | BA24: FALSE | BB24: TRUE
A25: 273 | B25: TKA-DE | C25: THYSSENKRUPP AG | D25: DE0007500001 | E25: XETR | F25: 622531741 | G25: 8.476 | H25: EUR | I25: 39768708 | J25: 20966147 | M25: 34010981 | N25: 46.996517 | O25: 47.914143 | P25: 34160945 | Q25: 53.88825 | R25: 32841208 | S25: 38324643 | T25: 22-Dec-25 | U25: TKAG.DE | V25: 1 | W25: 8.862 | X25: 8.476 | Y25: 0.8 | Z25: 4.2212632e+09 | AA25: 0 | AB25: 0 | AC25: 39.500116 | AD25: 2 | AE25: 0 | AF25: 1 | AG25: 0 | AH25: 0 | AI25: 0 | AJ25: 0 | AK25: 0 | AL25: 0 | AM25: 0 | AN25: 0 | AO25: FALSE | AP25: FALSE | AQ25: FALSE | AR25: TRUE | AS25: FALSE | AT25: FALSE | AU25: FALSE | AV25: FALSE | AW25: FALSE | AX25: FALSE | AY25: FALSE | AZ25: FALSE | BA25: FALSE | BB25: TRUE
A26: 285 | B26: UPM-FI | C26: UPM-KYMMENE OYJ | D26: FI0009005987 | E26: XHEL | F26: 527735699 | G26: 22.91 | H26: EUR | I26: 30225478 | J26: 27171560 | M26: 26320010 | N26: 24.522085 | O26: 23.884415 | P26: 25694420 | Q26: 24.849062 | R26: 26600243 | S26: 31007464 | T26: 22-Dec-25 | U26: UPM.HE | V26: 1 | W26: 23.81 | X26: 22.91 | Y26: 1 | Z26: 1.2090425e+10 | AA26: 0 | AB26: 0 | AC26: 13.567207 | AD26: 2 | AE26: 0 | AF26: 0 | AG26: 0 | AH26: 0 | AI26: 0 | AJ26: 0 | AK26: 0 | AL26: 1 | AM26: 0 | AN26: 0 | AO26: FALSE | AP26: FALSE | AQ26: FALSE | AR26: FALSE | AS26: FALSE | AT26: FALSE | AU26: FALSE | AV26: FALSE | AW26: FALSE | AX26: FALSE | AY26: FALSE | AZ26: FALSE | BA26: TRUE | BB26: TRUE
A27: 289 | B27: VIE-FR | C27: VEOLIA ENVIRON. | D27: FR0000124141 | E27: XPAR | F27: 741723437 | G27: 28.5 | H27: EUR | I27: 58896826 | J27: 46180185 | M27: 50096507 | N27: 16.383663 | O27: 17.2179 | P27: 46294506 | Q27: 21.44654 | R27: 46730858 | S27: 54455935 | T27: 22-Dec-25 | U27: VIE.PA | V27: 1 | W27: 29.52 | X27: 28.5 | Y27: 0.85 | Z27: 1.796825e+10 | AA27: 0 | AB27: 0 | AC27: 21.55928 | AD27: 2 | AE27: 0 | AF27: 0 | AG27: 0 | AH27: 0 | AI27: 0 | AJ27: 0 | AK27: 0 | AL27: 1 | AM27: 0 | AN27: 0 | AO27: FALSE | AP27: FALSE | AQ27: FALSE | AR27: FALSE | AS27: FALSE | AT27: FALSE | AU27: FALSE | AV27: FALSE | AW27: FALSE | AX27: FALSE | AY27: FALSE | AZ27: FALSE | BA27: TRUE | BB27: TRUE
A28: 293 | B28: VOW3-DE | C28: VOLKSWAGEN PREF | D28: DE0007664039 | E28: XETR | F28: 206205440 | G28: 94.72 | H28: EUR | I28: 1.0635887e+08 | J28: 77857254 | M28: 92138932 | N28: 26.58747 | O28: 27.139807 | P28: 94898815 | Q28: 28.323456 | R28: 89581759 | S28: 1.0450389e+08 | T28: 22-Dec-25 | U28: VOWG_p.DE | V28: 1 | W28: 106.7 | X28: 94.72 | Y28: 1 | Z28: 1.9531779e+10 | AA28: 0 | AB28: 0 | AC28: 23.645697 | AD28: 3 | AE28: 0 | AF28: 1 | AG28: 0 | AH28: 0 | AI28: 0 | AJ28: 0 | AK28: 0 | AL28: 0 | AM28: 0 | AN28: 0 | AO28: FALSE | AP28: FALSE | AQ28: FALSE | AR28: TRUE | AS28: FALSE | AT28: FALSE | AU28: FALSE | AV28: FALSE | AW28: FALSE | AX28: FALSE | AY28: FALSE | AZ28: FALSE | BA28: FALSE | BB28: TRUE
A29: 295 | B29: WRT1V-FI | C29: WARTSILA OYJ ABP | D29: FI0009003727 | E29: XHEL | F29: 591723400 | G29: 26.54 | H29: EUR | I29: 18692745 | J29: 20924976 | M29: 19463307 | N29: 30.729418 | O29: 33.04005 | P29: 20054409 | Q29: 32.223682 | R29: 21511030 | S29: 25058670 | T29: 22-Dec-25 | U29: WRT1V.HE | V29: 1 | W29: 30.08 | X29: 26.54 | Y29: 0.8 | Z29: 1.2563471e+10 | AA29: 0 | AB29: 0 | AC29: 23.364088 | AD29: 2 | AE29: 0 | AF29: 1 | AG29: 0 | AH29: 0 | AI29: 0 | AJ29: 0 | AK29: 0 | AL29: 0 | AM29: 0 | AN29: 0 | AO29: FALSE | AP29: FALSE | AQ29: FALSE | AR29: TRUE | AS29: FALSE | AT29: FALSE | AU29: FALSE | AV29: FALSE | AW29: FALSE | AX29: FALSE | AY29: FALSE | AZ29: FALSE | BA29: FALSE | BB29: TRUE

Sheet Post Exclusion Universe
A1: Rank | B1: Ticker | C1: Company | D1: ISIN code | E1: MIC | F1: Number of Shares | G1: Price | H1: Currency | I1: 12 month aver. turnover EUR | J1: 20 days aver. turn EUR | K1: 10 days aver. turn EUR | L1: 5 days aver. turn EUR | M1: 6 month aver. turnover EUR | N1: 126 days volatility | O1: 100 days volatility | P1: 100 days aver. turn EUR | Q1: 180 days volatility | R1: 3 months aver. Turnover EUR | S1: 3 months aver. Turnover USD | T1: Effective Date of Review | U1: #Symbol | V1: FX/Index Ccy | W1: Close Prc_EOD | X1: Close Prc_CO | Y1: Free Float Round: | Z1: FFMC_CO | AA1: 171613102999 - Controversial Weapons Non tailor-made or non essential-Category of Involvement Id | AB1: 171611102999 - Controversial Weapons Tailor-made and essential-Category of Involvement Id | AC1: 181110112399 - ESG Risk Score | AD1: 121010112599 - Highest Controversy Level-Answer Category | AE1: 172113112999 - Military Contracting Weapon-related products and/or services-Level of Involvement Id | AF1: 172111112999 - Military Contracting Weapons-Level of Involvement Id | AG1: 173011102999 - Oil Sands Extraction-Category of Involvement Id | AH1: 173211102999 - Shale Energy Extraction-Category of Involvement Id | AI1: 171711112999 - Small Arms Civilian customers (Assault weapons)-Level of Involvement Id | AJ1: 171721112999 - Small Arms Civilian customers (Non-assault weapons)-Level of Involvement Id | AK1: 171025111199 - Thermal Coal Extraction-Revenue Percentage | AL1: 172813112999 - Thermal Coal Power Generation-Level of Involvement Id | AM1: 172911112999 - Tobacco Products Production-Level of Involvement Id | AN1: 172915112999 - Tobacco Products Retail-Level of Involvement Id | AO1: excl_controversy | AP1: excl_tobacco_production | AQ1: excl_tobacco_retail | AR1: excl_military_weapons | AS1: excl_military_related | AT1: excl_controv_weapons_essential | AU1: excl_controv_weapons_non_essential | AV1: excl_small_arms_assault | AW1: excl_small_arms_non_assault | AX1: excl_oil_sands | AY1: excl_shale_energy | AZ1: excl_thermal_coal_extraction | BA1: excl_thermal_coal_power | BB1: excluded
A2: 36 | B2: ASML-NL | C2: ASML HOLDING | D2: NL0010273215 | E2: XAMS | F2: 388147674 | G2: 834 | H2: EUR | I2: 5.0748503e+08 | J2: 5.1907545e+08 | M2: 4.7687009e+08 | N2: 35.69043 | O2: 37.997826 | P2: 4.9820659e+08 | Q2: 36.628567 | R2: 5.3938184e+08 | S2: 6.2879074e+08 | T2: 22-Dec-25 | U2: ASML.AS | V2: 1 | W2: 908.6 | X2: 834 | Y2: 1 | Z2: 323715160116 | AA2: 0 | AB2: 0 | AC2: 8.928945 | AD2: 2 | AE2: 0 | AF2: 0 | AG2: 0 | AH2: 0 | AI2: 0 | AJ2: 0 | AK2: 0 | AL2: 0 | AM2: 0 | AN2: 0 | AO2: FALSE | AP2: FALSE | AQ2: FALSE | AR2: FALSE | AS2: FALSE | AT2: FALSE | AU2: FALSE | AV2: FALSE | AW2: FALSE | AX2: FALSE | AY2: FALSE | AZ2: FALSE | BA2: FALSE | BB2: FALSE | BD2: =_xlfn.XLOOKUP(BE2,'Excluded Companies'!$D$2:$D$29,'Excluded Companies'!$C$2:$C$29) -> #N/A | BE2: NL0010273215 | BF2: =ISNUMBER(MATCH(BE2,$D$2:$D$273,0)) -> TRUE
A3: 240 | B3: SAP-DE | C3: SAP | D3: DE0007164600 | E3: XETR | F3: 1228504300 | G3: 205 | H3: EUR | I3: 3.958539e+08 | J3: 2.6802564e+08 | M3: 3.4841661e+08 | N3: 27.421091 | O3: 28.854689 | P3: 3.2556895e+08 | Q3: 31.971903 | R3: 3.2230969e+08 | S3: 3.7602994e+08 | T3: 22-Dec-25 | U3: SAPG.DE | V3: 1 | W3: 206.65 | X3: 205 | Y3: 0.9 | Z3: 226659043350 | AA3: 0 | AB3: 0 | AC3: 11.22554 | AD3: 2 | AE3: 0 | AF3: 0 | AG3: 0 | AH3: 0 | AI3: 0 | AJ3: 0 | AK3: 0 | AL3: 0 | AM3: 0 | AN3: 0 | AO3: FALSE | AP3: FALSE | AQ3: FALSE | AR3: FALSE | AS3: FALSE | AT3: FALSE | AU3: FALSE | AV3: FALSE | AW3: FALSE | AX3: FALSE | AY3: FALSE | AZ3: FALSE | BA3: FALSE | BB3: FALSE | BD3: =_xlfn.XLOOKUP(BE3,'Excluded Companies'!$D$2:$D$29,'Excluded Companies'!$C$2:$C$29) -> #N/A | BE3: DE0007164600 | BF3: =ISNUMBER(MATCH(BE3,$D$2:$D$273,0)) -> TRUE
A4: 250 | B4: SIE-DE | C4: SIEMENS AG | D4: DE0007236101 | E4: XETR | F4: 800000000 | G4: 219.15 | H4: EUR | I4: 2.6484863e+08 | J4: 2.6831397e+08 | M4: 2.1893284e+08 | N4: 28.99122 | O4: 30.5399 | P4: 2.1063116e+08 | Q4: 32.5281 | R4: 2.1377388e+08 | S4: 2.4915543e+08 | T4: 22-Dec-25 | U4: SIEGn.DE | V4: 1 | W4: 237.5 | X4: 219.15 | Y4: 0.95 | Z4: 166554000000 | AA4: 0 | AB4: 0 | AC4: 22.967218 | AD4: 2 | AE4: 0 | AF4: 0 | AG4: 0 | AH4: 0 | AI4: 0 | AJ4: 0 | AK4: 0 | AL4: 0 | AM4: 0 | AN4: 0 | AO4: FALSE | AP4: FALSE | AQ4: FALSE | AR4: FALSE | AS4: FALSE | AT4: FALSE | AU4: FALSE | AV4: FALSE | AW4: FALSE | AX4: FALSE | AY4: FALSE | AZ4: FALSE | BA4: FALSE | BB4: FALSE | BD4: =_xlfn.XLOOKUP(BE4,'Excluded Companies'!$D$2:$D$29,'Excluded Companies'!$C$2:$C$29) -> SHELL PLC | BE4: GB00BP6MXD84 | BF4: =ISNUMBER(MATCH(BE4,$D$2:$D$273,0)) -> FALSE
A5: 184 | B5: MC-FR | C5: LVMH | D5: FR0000121014 | E5: XPAR | F5: 497686940 | G5: 623 | H5: EUR | I5: 2.9617958e+08 | J5: 2.3267182e+08 | M5: 2.555721e+08 | N5: 32.682705 | O5: 33.556435 | P5: 2.5173734e+08 | Q5: 34.11415 | R5: 2.690273e+08 | S5: 3.1355595e+08 | T5: 22-Dec-25 | U5: LVMH.PA | V5: 1 | W5: 636.5 | X5: 623 | Y5: 0.5 | Z5: 155029481810 | AA5: 0 | AB5: 0 | AC5: 13.552071 | AD5: 2 | AE5: 0 | AF5: 0 | AG5: 0 | AH5: 0 | AI5: 0 | AJ5: 0 | AK5: 0 | AL5: 0 | AM5: 0 | AN5: 1 | AO5: FALSE | AP5: FALSE | AQ5: FALSE | AR5: FALSE | AS5: FALSE | AT5: FALSE | AU5: FALSE | AV5: FALSE | AW5: FALSE | AX5: FALSE | AY5: FALSE | AZ5: FALSE | BA5: FALSE | BB5: FALSE | BD5: =_xlfn.XLOOKUP(BE5,'Excluded Companies'!$D$2:$D$29,'Excluded Companies'!$C$2:$C$29) -> #N/A | BE5: DE0007236101 | BF5: =ISNUMBER(MATCH(BE5,$D$2:$D$273,0)) -> TRUE
A6: 24 | B6: ALV-DE | C6: ALLIANZ SE | D6: DE0008404005 | E6: XETR | F6: 386166700 | G6: 363.1 | H6: EUR | I6: 2.3615602e+08 | J6: 1.7284928e+08 | M6: 1.9210522e+08 | N6: 18.476725 | O6: 19.508808 | P6: 1.7809613e+08 | Q6: 21.759954 | R6: 1.6830398e+08 | S6: 1.9617526e+08 | T6: 22-Dec-25 | U6: ALVG.DE | V6: 1 | W6: 383.3 | X6: 363.1 | Y6: 1 | Z6: 140217128770 | AA6: 0 | AB6: 0 | AC6: 13.1641 | AD6: 2 | AE6: 0 | AF6: 0 | AG6: 0 | AH6: 0 | AI6: 0 | AJ6: 0 | AK6: 0 | AL6: 0 | AM6: 0 | AN6: 0 | AO6: FALSE | AP6: FALSE | AQ6: FALSE | AR6: FALSE | AS6: FALSE | AT6: FALSE | AU6: FALSE | AV6: FALSE | AW6: FALSE | AX6: FALSE | AY6: FALSE | AZ6: FALSE | BA6: FALSE | BB6: FALSE | BD6: =_xlfn.XLOOKUP(BE6,'Excluded Companies'!$D$2:$D$29,'Excluded Companies'!$C$2:$C$29) -> #N/A | BE6: FR0000121014 | BF6: =ISNUMBER(MATCH(BE6,$D$2:$D$273,0)) -> TRUE
A7: 283 | B7: UNA-NL | C7: UNILEVER | D7: GB00BVZK7T90 | E7: XAMS | F7: 2637743772 | G7: 49.238591 | H7: EUR | I7: 57583134 | J7: 50496488 | M7: 46827108 | N7: 12.712624 | O7: 13.10243 | P7: 48659108 | Q7: 15.492692 | R7: 50959180 | S7: 0 | T7: 22-Dec-25 | U7: ULVR.AS | V7: 1 | W7: 54.72 | X7: 52.36 | Y7: 1 | Z7: 1.3811226e+11 | AA7: 0 | AB7: 0 | AC7: 16.078095 | AD7: 2 | AE7: 0 | AF7: 0 | AG7: 0 | AH7: 0 | AI7: 0 | AJ7: 0 | AK7: 0 | AL7: 0 | AM7: 0 | AN7: 0 | AO7: FALSE | AP7: FALSE | AQ7: FALSE | AR7: FALSE | AS7: FALSE | AT7: FALSE | AU7: FALSE | AV7: FALSE | AW7: FALSE | AX7: FALSE | AY7: FALSE | AZ7: FALSE | BA7: FALSE | BB7: FALSE | BD7: =_xlfn.XLOOKUP(BE7,'Excluded Companies'!$D$2:$D$29,'Excluded Companies'!$C$2:$C$29) -> #N/A | BE7: DE0008404005 | BF7: =ISNUMBER(MATCH(BE7,$D$2:$D$273,0)) -> TRUE
A8: 51 | B8: SAN-ES | C8: BANCO SANTANDER CENT | D8: ES0113900J37 | E8: XMAD | F8: 14885325000 | G8: 8.805 | H8: EUR | I8: 1.9934083e+08 | J8: 2.4831944e+08 | M8: 1.936803e+08 | N8: 26.54015 | O8: 26.308455 | P8: 1.9984515e+08 | Q8: 31.74772 | R8: 2.1740067e+08 | S8: 2.5332558e+08 | T8: 22-Dec-25 | U8: SAN.MC | V8: 1 | W8: 9.817 | X8: 8.805 | Y8: 1 | Z8: 131065286625 | AA8: 0 | AB8: 0 | AC8: 9.8890125 | AD8: 2 | AE8: 0 | AF8: 0 | AG8: 0 | AH8: 0 | AI8: 0 | AJ8: 0 | AK8: 0 | AL8: 0 | AM8: 0 | AN8: 0 | AO8: FALSE | AP8: FALSE | AQ8: FALSE | AR8: FALSE | AS8: FALSE | AT8: FALSE | AU8: FALSE | AV8: FALSE | AW8: FALSE | AX8: FALSE | AY8: FALSE | AZ8: FALSE | BA8: FALSE | BB8: FALSE | BD8: =_xlfn.XLOOKUP(BE8,'Excluded Companies'!$D$2:$D$29,'Excluded Companies'!$C$2:$C$29) -> #N/A | BE8: GB00BVZK7T90 | BF8: =ISNUMBER(MATCH(BE8,$D$2:$D$273,0)) -> TRUE
A9: 245 | B9: SU-FR | C9: SCHNEIDER ELECTRIC | D9: FR0000121972 | E9: XPAR | F9: 577122512 | G9: 222.3 | H9: EUR | I9: 2.2594707e+08 | J9: 2.0740473e+08 | M9: 1.9984495e+08 | N9: 29.388895 | O9: 29.79526 | P9: 2.0034853e+08 | Q9: 33.028824 | R9: 2.0033574e+08 | S9: 2.3358204e+08 | T9: 22-Dec-25 | U9: SCHN.PA | V9: 1 | W9: 239.25 | X9: 222.3 | Y9: 1 | Z9: 1.2829433e+11 | AA9: 0 | AB9: 0 | AC9: 7.1448088 | AD9: 2 | AE9: 1 | AF9: 0 | AG9: 0 | AH9: 0 | AI9: 0 | AJ9: 0 | AK9: 0 | AL9: 0 | AM9: 0 | AN9: 0 | AO9: FALSE | AP9: FALSE | AQ9: FALSE | AR9: FALSE | AS9: FALSE | AT9: FALSE | AU9: FALSE | AV9: FALSE | AW9: FALSE | AX9: FALSE | AY9: FALSE | AZ9: FALSE | BA9: FALSE | BB9: FALSE | BD9: =_xlfn.XLOOKUP(BE9,'Excluded Companies'!$D$2:$D$29,'Excluded Companies'!$C$2:$C$29) -> #N/A | BE9: ES0113900J37 | BF9: =ISNUMBER(MATCH(BE9,$D$2:$D$273,0)) -> TRUE
A10: 275 | B10: TTE-FR | C10: TOTALENERGIES | D10: FR0000120271 | E10: XPAR | F10: 2206585543 | G10: 55.97 | H10: EUR | I10: 2.3762657e+08 | J10: 1.8371428e+08 | M10: 2.1268388e+08 | N10: 18.864147 | O10: 18.458822 | P10: 1.9268064e+08 | Q10: 22.570004 | R10: 2.0409281e+08 | S10: 2.3806623e+08 | T10: 22-Dec-25 | U10: TTEF.PA | V10: 1 | W10: 54.5 | X10: 55.97 | Y10: 0.9 | Z10: 1.1115233e+11 | AA10: 0 | AB10: 0 | AC10: 24.461063 | AD10: 3 | AE10: 1 | AF10: 0 | AG10: 0 | AH10: SE1 | AI10: 0 | AJ10: 0 | AK10: 0 | AL10: 0 | AM10: 0 | AN10: 1 | AO10: FALSE | AP10: FALSE | AQ10: FALSE | AR10: FALSE | AS10: FALSE | AT10: FALSE | AU10: FALSE | AV10: FALSE | AW10: FALSE | AX10: FALSE | AY10: FALSE | AZ10: FALSE | BA10: FALSE | BB10: FALSE | BD10: =_xlfn.XLOOKUP(BE10,'Excluded Companies'!$D$2:$D$29,'Excluded Companies'!$C$2:$C$29) -> #N/A | BE10: FR0000121972 | BF10: =ISNUMBER(MATCH(BE10,$D$2:$D$273,0)) -> TRUE
A11: 150 | B11: IBE-ES | C11: IBERDROLA | D11: ES0144580Y14 | E11: XMAD | F11: 6681227500 | G11: 17.935 | H11: EUR | I11: 1.550091e+08 | J11: 1.3705291e+08 | M11: 1.4579592e+08 | N11: 14.332403 | O11: 14.399873 | P11: 1.4353444e+08 | Q11: 17.798939 | R11: 1.3876985e+08 | S11: 1.6181232e+08 | T11: 22-Dec-25 | U11: IBE.MC | V11: 1 | W11: 17.975 | X11: 17.935 | Y11: 0.9 | Z11: 1.0784503e+11 | AA11: 0 | AB11: 0 | AC11: 20.991966 | AD11: 2 | AE11: 0 | AF11: 0 | AG11: 0 | AH11: 0 | AI11: 0 | AJ11: 0 | AK11: 0 | AL11: 0 | AM11: 0 | AN11: 0 | AO11: FALSE | AP11: FALSE | AQ11: FALSE | AR11: FALSE | AS11: FALSE | AT11: FALSE | AU11: FALSE | AV11: FALSE | AW11: FALSE | AX11: FALSE | AY11: FALSE | AZ11: FALSE | BA11: FALSE | BB11: FALSE | BD11: =_xlfn.XLOOKUP(BE11,'Excluded Companies'!$D$2:$D$29,'Excluded Companies'!$C$2:$C$29) -> AIRBUS | BE11: NL0000235190 | BF11: =ISNUMBER(MATCH(BE11,$D$2:$D$273,0)) -> FALSE
A12: 57 | B12: BBVA-ES | C12: BBVA | D12: ES0113211835 | E12: XMAD | F12: 5763285600 | G12: 17.705 | H12: EUR | I12: 1.3566252e+08 | J12: 3.6713379e+08 | M12: 1.4393072e+08 | N12: 27.777552 | O12: 28.950481 | P12: 1.5470505e+08 | Q12: 31.000454 | R12: 1.7807689e+08 | S12: 2.0687009e+08 | T12: 22-Dec-25 | U12: BBVA.MC | V12: 1 | W12: 19.305 | X12: 17.705 | Y12: 1 | Z12: 102038971548 | AA12: 0 | AB12: 0 | AC12: 9.56425 | AD12: 2 | AE12: 0 | AF12: 0 | AG12: 0 | AH12: 0 | AI12: 0 | AJ12: 0 | AK12: 0 | AL12: 0 | AM12: 0 | AN12: 0 | AO12: FALSE | AP12: FALSE | AQ12: FALSE | AR12: FALSE | AS12: FALSE | AT12: FALSE | AU12: FALSE | AV12: FALSE | AW12: FALSE | AX12: FALSE | AY12: FALSE | AZ12: FALSE | BA12: FALSE | BB12: FALSE | BD12: =_xlfn.XLOOKUP(BE12,'Excluded Companies'!$D$2:$D$29,'Excluded Companies'!$C$2:$C$29) -> #N/A | BE12: FR0000120271 | BF12: =ISNUMBER(MATCH(BE12,$D$2:$D$273,0)) -> TRUE
A13: 239 | B13: SAN-FR | C13: SANOFI | D13: FR0000120578 | E13: XPAR | F13: 1227468973 | G13: 86.32 | H13: EUR | I13: 1.7813017e+08 | J13: 1.4714786e+08 | M13: 1.6111507e+08 | N13: 27.717335 | O13: 28.988537 | P13: 1.556939e+08 | Q13: 28.241545 | R13: 1.6255782e+08 | S13: 1.8952858e+08 | T13: 22-Dec-25 | U13: SASY.PA | V13: 1 | W13: 80.94 | X13: 86.32 | Y13: 0.95 | Z13: 1.0065737e+11 | AA13: 0 | AB13: 0 | AC13: 13.170217 | AD13: 3 | AE13: 0 | AF13: 0 | AG13: 0 | AH13: 0 | AI13: 0 | AJ13: 0 | AK13: 0 | AL13: 0 | AM13: 0 | AN13: 0 | AO13: FALSE | AP13: FALSE | AQ13: FALSE | AR13: FALSE | AS13: FALSE | AT13: FALSE | AU13: FALSE | AV13: FALSE | AW13: FALSE | AX13: FALSE | AY13: FALSE | AZ13: FALSE | BA13: FALSE | BB13: FALSE | BD13: =_xlfn.XLOOKUP(BE13,'Excluded Companies'!$D$2:$D$29,'Excluded Companies'!$C$2:$C$29) -> #N/A | BE13: ES0144580Y14 | BF13: =ISNUMBER(MATCH(BE13,$D$2:$D$273,0)) -> TRUE
A14: 112 | B14: EL-FR | C14: ESSILORLUXOTTICA | D14: FR0000121667 | E14: XPAR | F14: 463145529 | G14: 306 | H14: EUR | I14: 1.3693304e+08 | J14: 1.1182662e+08 | M14: 1.1914464e+08 | N14: 28.494783 | O14: 30.682514 | P14: 1.0759697e+08 | Q14: 30.26312 | R14: 1.1001145e+08 | S14: 1.2824073e+08 | T14: 22-Dec-25 | U14: ESLX.PA | V14: 1 | W14: 278.2 | X14: 306 | Y14: 0.7 | Z14: 9.9205772e+10 | AA14: 0 | AB14: 0 | AC14: 12.911463 | AD14: 2 | AE14: 0 | AF14: 0 | AG14: 0 | AH14: 0 | AI14: 0 | AJ14: 0 | AK14: 0 | AL14: 0 | AM14: 0 | AN14: 0 | AO14: FALSE | AP14: FALSE | AQ14: FALSE | AR14: FALSE | AS14: FALSE | AT14: FALSE | AU14: FALSE | AV14: FALSE | AW14: FALSE | AX14: FALSE | AY14: FALSE | AZ14: FALSE | BA14: FALSE | BB14: FALSE | BD14: =_xlfn.XLOOKUP(BE14,'Excluded Companies'!$D$2:$D$29,'Excluded Companies'!$C$2:$C$29) -> #N/A | BE14: ES0113211835 | BF14: =ISNUMBER(MATCH(BE14,$D$2:$D$273,0)) -> TRUE
A15: 282 | B15: UCG-IT | C15: UNICREDIT | D15: IT0005239360 | E15: MTAA | F15: 1557675176 | G15: 62.85 | H15: EUR | I15: 3.5910484e+08 | J15: 3.333183e+08 | M15: 3.1436746e+08 | N15: 26.839243 | O15: 26.80322 | P15: 3.2010403e+08 | Q15: 33.4783 | R15: 3.2023355e+08 | S15: 3.7337577e+08 | T15: 22-Dec-25 | U15: CRDI.MI | V15: 1 | W15: 69.5 | X15: 62.85 | Y15: 1 | Z15: 9.7899885e+10 | AA15: 0 | AB15: 0 | AC15: 10.553088 | AD15: 2 | AE15: 0 | AF15: 0 | AG15: 0 | AH15: 0 | AI15: 0 | AJ15: 0 | AK15: 0 | AL15: 0 | AM15: 0 | AN15: 0 | AO15: FALSE | AP15: FALSE | AQ15: FALSE | AR15: FALSE | AS15: FALSE | AT15: FALSE | AU15: FALSE | AV15: FALSE | AW15: FALSE | AX15: FALSE | AY15: FALSE | AZ15: FALSE | BA15: FALSE | BB15: FALSE | BD15: =_xlfn.XLOOKUP(BE15,'Excluded Companies'!$D$2:$D$29,'Excluded Companies'!$C$2:$C$29) -> #N/A | BE15: FR0000120578 | BF15: =ISNUMBER(MATCH(BE15,$D$2:$D$273,0)) -> TRUE
A16: 20 | B16: AI-FR | C16: AIR LIQUIDE | D16: FR0000120073 | E16: XPAR | F16: 578534275 | G16: 165.94 | H16: EUR | I16: 1.1950551e+08 | J16: 92896515 | M16: 1.0300352e+08 | N16: 14.12708 | O16: 14.407667 | P16: 96960052 | Q16: 18.233885 | R16: 98286987 | S16: 1.1455434e+08 | T16: 22-Dec-25 | U16: AIRP.PA | V16: 1 | W16: 159.4 | X16: 165.94 | Y16: 1 | Z16: 9.6001978e+10 | AA16: 0 | AB16: 0 | AC16: 13.379856 | AD16: 2 | AE16: 1 | AF16: 0 | AG16: 0 | AH16: 0 | AI16: 0 | AJ16: 0 | AK16: 0 | AL16: 0 | AM16: 0 | AN16: 0 | AO16: FALSE | AP16: FALSE | AQ16: FALSE | AR16: FALSE | AS16: FALSE | AT16: FALSE | AU16: FALSE | AV16: FALSE | AW16: FALSE | AX16: FALSE | AY16: FALSE | AZ16: FALSE | BA16: FALSE | BB16: FALSE | BD16: =_xlfn.XLOOKUP(BE16,'Excluded Companies'!$D$2:$D$29,'Excluded Companies'!$C$2:$C$29) -> #N/A | BE16: FR0000121667 | BF16: =ISNUMBER(MATCH(BE16,$D$2:$D$273,0)) -> TRUE
A17: 95 | B17: DTE-DE | C17: DEUTSCHE TELEKOM AG | D17: DE0005557508 | E17: XETR | F17: 4905190400 | G17: 27.62 | H17: EUR | I17: 2.1313939e+08 | J17: 1.7461593e+08 | M17: 1.7785968e+08 | N17: 20.588774 | O17: 20.002012 | P17: 1.6875682e+08 | Q17: 22.332178 | R17: 1.6757909e+08 | S17: 1.9533953e+08 | T17: 22-Dec-25 | U17: DTEGn.DE | V17: 1 | W17: 26.74 | X17: 27.62 | Y17: 0.7 | Z17: 9.4836951e+10 | AA17: 0 | AB17: 0 | AC17: 16.2697 | AD17: 2 | AE17: 0 | AF17: 0 | AG17: 0 | AH17: 0 | AI17: 0 | AJ17: 0 | AK17: 0 | AL17: 0 | AM17: 0 | AN17: 0 | AO17: FALSE | AP17: FALSE | AQ17: FALSE | AR17: FALSE | AS17: FALSE | AT17: FALSE | AU17: FALSE | AV17: FALSE | AW17: FALSE | AX17: FALSE | AY17: FALSE | AZ17: FALSE | BA17: FALSE | BB17: FALSE | BD17: =_xlfn.XLOOKUP(BE17,'Excluded Companies'!$D$2:$D$29,'Excluded Companies'!$C$2:$C$29) -> #N/A | BE17: IT0005239360 | BF17: =ISNUMBER(MATCH(BE17,$D$2:$D$273,0)) -> TRUE
A18: 180 | B18: OR-FR | C18: L'OREAL | D18: FR0000120321 | E18: XPAR | F18: 533783024 | G18: 361.5 | H18: EUR | I18: 1.3997562e+08 | J18: 1.0567946e+08 | M18: 1.1566859e+08 | N18: 23.4039 | O18: 23.904568 | P18: 1.1234032e+08 | Q18: 25.882713 | R18: 1.2014462e+08 | S18: 1.4013649e+08 | T18: 22-Dec-25 | U18: OREP.PA | V18: 1 | W18: 373.7 | X18: 361.5 | Y18: 0.45 | Z18: 8.6833153e+10 | AA18: 0 | AB18: 0 | AC18: 16.898519 | AD18: 3 | AE18: 0 | AF18: 0 | AG18: 0 | AH18: 0 | AI18: 0 | AJ18: 0 | AK18: 0 | AL18: 0 | AM18: 0 | AN18: 0 | AO18: FALSE | AP18: FALSE | AQ18: FALSE | AR18: FALSE | AS18: FALSE | AT18: FALSE | AU18: FALSE | AV18: FALSE | AW18: FALSE | AX18: FALSE | AY18: FALSE | AZ18: FALSE | BA18: FALSE | BB18: FALSE | BD18: =_xlfn.XLOOKUP(BE18,'Excluded Companies'!$D$2:$D$29,'Excluded Companies'!$C$2:$C$29) -> #N/A | BE18: FR0000120073 | BF18: =ISNUMBER(MATCH(BE18,$D$2:$D$273,0)) -> TRUE
A19: 158 | B19: ISP-IT | C19: INTESA SANPAOLO | D19: IT0000072618 | E19: MTAA | F19: 17413389613 | G19: 5.619 | H19: EUR | I19: 2.9376709e+08 | J19: 3.2506638e+08 | M19: 2.681535e+08 | N19: 23.324429 | O19: 24.010738 | P19: 2.6892967e+08 | Q19: 28.28163 | R19: 2.8286848e+08 | S19: 3.2952365e+08 | T19: 22-Dec-25 | U19: ISP.MI | V19: 1 | W19: 5.783 | X19: 5.619 | Y19: 0.8 | Z19: 7.8276669e+10 | AA19: 0 | AB19: 0 | AC19: 8.09 | AD19: 2 | AE19: 0 | AF19: 0 | AG19: 0 | AH19: 0 | AI19: 0 | AJ19: 0 | AK19: 0 | AL19: 0 | AM19: 0 | AN19: 0 | AO19: FALSE | AP19: FALSE | AQ19: FALSE | AR19: FALSE | AS19: FALSE | AT19: FALSE | AU19: FALSE | AV19: FALSE | AW19: FALSE | AX19: FALSE | AY19: FALSE | AZ19: FALSE | BA19: FALSE | BB19: FALSE | BD19: =_xlfn.XLOOKUP(BE19,'Excluded Companies'!$D$2:$D$29,'Excluded Companies'!$C$2:$C$29) -> #N/A | BE19: DE0005557508 | BF19: =ISNUMBER(MATCH(BE19,$D$2:$D$273,0)) -> TRUE
A20: 64 | B20: BNP-FR | C20: BNP PARIBAS ACT.A | D20: FR0000131104 | E20: XPAR | F20: 1116784757 | G20: 70.47 | H20: EUR | I20: 2.1291789e+08 | J20: 1.9340635e+08 | M20: 1.9621499e+08 | N20: 26.853807 | O20: 27.375444 | P20: 1.929767e+08 | Q20: 30.01338 | R20: 2.0862623e+08 | S20: 2.4301411e+08 | T20: 22-Dec-25 | U20: BNPP.PA | V20: 1 | W20: 78.86 | X20: 70.47 | Y20: 0.95 | Z20: 7.4764831e+10 | AA20: 0 | AB20: 0 | AC20: 12.271731 | AD20: 2 | AE20: 0 | AF20: 0 | AG20: 0 | AH20: 0 | AI20: 0 | AJ20: 0 | AK20: 0 | AL20: 0 | AM20: 0 | AN20: 0 | AO20: FALSE | AP20: FALSE | AQ20: FALSE | AR20: FALSE | AS20: FALSE | AT20: FALSE | AU20: FALSE | AV20: FALSE | AW20: FALSE | AX20: FALSE | AY20: FALSE | AZ20: FALSE | BA20: FALSE | BB20: FALSE | BD20: =_xlfn.XLOOKUP(BE20,'Excluded Companies'!$D$2:$D$29,'Excluded Companies'!$C$2:$C$29) -> SAFRAN | BE20: FR0000073272 | BF20: =ISNUMBER(MATCH(BE20,$D$2:$D$273,0)) -> FALSE
A21: 196 | B21: MUV2-DE | C21: MUNICH RE | D21: DE0008430026 | E21: XETR | F21: 130645070 | G21: 532.4 | H21: EUR | I21: 1.426145e+08 | J21: 1.2494389e+08 | M21: 1.3028414e+08 | N21: 21.03891 | O21: 21.719397 | P21: 1.250673e+08 | Q21: 25.573225 | R21: 1.2641745e+08 | S21: 1.4746131e+08 | T21: 22-Dec-25 | U21: MUVGn.DE | V21: 1 | W21: 557.8 | X21: 532.4 | Y21: 1 | Z21: 69555435268 | AA21: 0 | AB21: 0 | AC21: 11.755625 | AD21: 2 | AE21: 0 | AF21: 0 | AG21: 0 | AH21: 0 | AI21: 0 | AJ21: 0 | AK21: 0 | AL21: 0 | AM21: 0 | AN21: 0 | AO21: FALSE | AP21: FALSE | AQ21: FALSE | AR21: FALSE | AS21: FALSE | AT21: FALSE | AU21: FALSE | AV21: FALSE | AW21: FALSE | AX21: FALSE | AY21: FALSE | AZ21: FALSE | BA21: FALSE | BB21: FALSE | BD21: =_xlfn.XLOOKUP(BE21,'Excluded Companies'!$D$2:$D$29,'Excluded Companies'!$C$2:$C$29) -> #N/A | BE21: FR0000120321 | BF21: =ISNUMBER(MATCH(BE21,$D$2:$D$273,0)) -> TRUE
A22: 41 | B22: CS-FR | C22: AXA | D22: FR0000120628 | E22: XPAR | F22: 2123594281 | G22: 38.14 | H22: EUR | I22: 1.5993902e+08 | J22: 1.6239349e+08 | M22: 1.5156317e+08 | N22: 20.694818 | O22: 21.842218 | P22: 1.4429684e+08 | Q22: 23.645367 | R22: 1.5184721e+08 | S22: 1.7691325e+08 | T22: 22-Dec-25 | U22: AXAF.PA | V22: 1 | W22: 40.55 | X22: 38.14 | Y22: 0.85 | Z22: 6.8844803e+10 | AA22: 0 | AB22: 0 | AC22: 13.927437 | AD22: 2 | AE22: 0 | AF22: 0 | AG22: 0 | AH22: 0 | AI22: 0 | AJ22: 0 | AK22: 0 | AL22: 0 | AM22: 0 | AN22: 0 | AO22: FALSE | AP22: FALSE | AQ22: FALSE | AR22: FALSE | AS22: FALSE | AT22: FALSE | AU22: FALSE | AV22: FALSE | AW22: FALSE | AX22: FALSE | AY22: FALSE | AZ22: FALSE | BA22: FALSE | BB22: FALSE | BD22: =_xlfn.XLOOKUP(BE22,'Excluded Companies'!$D$2:$D$29,'Excluded Companies'!$C$2:$C$29) -> #N/A | BE22: IT0000072618 | BF22: =ISNUMBER(MATCH(BE22,$D$2:$D$273,0)) -> TRUE
... A72: 294 | B72: VNA-DE | C72: VONOVIA SE | D72: DE000A1ML7J1 | E72: XETR | F72: 847785030 | G72: 26.05 | H72: EUR | I72: 70900219 | J72: 64892532 | M72: 59305192 | N72: 19.689352 | O72: 19.257833 | P72: 56007883 | Q72: 24.525839 | R72: 54950207 | S72: 64013895 | T72: 22-Dec-25 | U72: VNAn.DE | V72: 1 | W72: 23.89 | X72: 26.05 | Y72: 0.85 | Z72: 1.877208e+10 | AA72: 0 | AB72: 0 | AC72: 6.3557 | AD72: 2 | AE72: 0 | AF72: 0 | AG72: 0 | AH72: 0 | AI72: 0 | AJ72: 0 | AK72: 0 | AL72: 0 | AM72: 0 | AN72: 0 | AO72: FALSE | AP72: FALSE | AQ72: FALSE | AR72: FALSE | AS72: FALSE | AT72: FALSE | AU72: FALSE | AV72: FALSE | AW72: FALSE | AX72: FALSE | AY72: FALSE | AZ72: FALSE | BA72: FALSE | BB72: FALSE | BD72: =_xlfn.XLOOKUP(BE72,'Excluded Companies'!$D$2:$D$29,'Excluded Companies'!$C$2:$C$29) -> #N/A | BE72: NL0000334118 | BF72: =ISNUMBER(MATCH(BE72,$D$2:$D$273,0)) -> TRUE
A73: 19 | B73: A5G-IE | C73: AIB GROUP PLC | D73: IE00BF0L3536 | E73: XMSM | F73: 2136766718 | G73: 8.385 | H73: EUR | I73: 34265749 | J73: 33623690 | M73: 31078318 | N73: 25.314684 | O73: 25.073444 | P73: 30250355 | Q73: 32.461468 | R73: 33113797 | S73: 38604766 | T73: 22-Dec-25 | U73: AIBG.I | V73: 1 | W73: 9.03 | X73: 8.385 | Y73: 1 | Z73: 1.7916789e+10 | AA73: 0 | AB73: 0 | AC73: 13.174386 | AD73: 2 | AE73: 0 | AF73: 0 | AG73: 0 | AH73: 0 | AI73: 0 | AJ73: 0 | AK73: 0 | AL73: 0 | AM73: 0 | AN73: 0 | AO73: FALSE | AP73: FALSE | AQ73: FALSE | AR73: FALSE | AS73: FALSE | AT73: FALSE | AU73: FALSE | AV73: FALSE | AW73: FALSE | AX73: FALSE | AY73: FALSE | AZ73: FALSE | BA73: FALSE | BB73: FALSE
A74: 229 | B74: REP-ES | C74: REPSOL | D74: ES0173516115 | E74: XMAD | F74: 1128372300 | G74: 15.7 | H74: EUR | I74: 61525438 | J74: 58728986 | M74: 63147040 | N74: 21.56421 | O74: 21.742212 | P74: 58111881 | Q74: 25.062836 | R74: 56722037 | S74: 66115113 | T74: 22-Dec-25 | U74: REP.MC | V74: 1 | W74: 15.335 | X74: 15.7 | Y74: 1 | Z74: 17715445110 | AA74: 0 | AB74: 0 | AC74: 28.673591 | AD74: 3 | AE74: 0 | AF74: 0 | AG74: 0 | AH74: SE1 | AI74: 0 | AJ74: 0 | AK74: 0 | AL74: 0 | AM74: 0 | AN74: 1 | AO74: FALSE | AP74: FALSE | AQ74: FALSE | AR74: FALSE | AS74: FALSE | AT74: FALSE | AU74: FALSE | AV74: FALSE | AW74: FALSE | AX74: FALSE | AY74: FALSE | AZ74: FALSE | BA74: FALSE | BB74: FALSE
A75: 16 | B75: AENA-ES | C75: AENA SME | D75: ES0105046017 | E75: XMAD | F75: 1500000000 | G75: 23.12 | H75: EUR | I75: 39706025 | J75: 28281240 | M75: 37325011 | N75: 20.283371 | O75: 21.414873 | P75: 29919751 | Q75: 21.801853 | R75: 32059232 | S75: 37403210 | T75: 22-Dec-25 | U75: AENA.MC | V75: 1 | W75: 23.47 | X75: 23.12 | Y75: 0.5 | Z75: 17340000000 | AA75: 0 | AB75: 0 | AC75: 12.548419 | AD75: 2 | AE75: 0 | AF75: 0 | AG75: 0 | AH75: 0 | AI75: 0 | AJ75: 0 | AK75: 0 | AL75: 0 | AM75: 0 | AN75: 0 | AO75: FALSE | AP75: FALSE | AQ75: FALSE | AR75: FALSE | AS75: FALSE | AT75: FALSE | AU75: FALSE | AV75: FALSE | AW75: FALSE | AX75: FALSE | AY75: FALSE | AZ75: FALSE | BA75: FALSE | BB75: FALSE
A76: 259 | B76: STLAM-IT | C76: STELLANTIS NV | D76: NL00150001Q9 | E76: MTAA | F76: 2896073567 | G76: 8.453 | H76: EUR | I76: 2.1982176e+08 | J76: 1.7851377e+08 | M76: 2.139674e+08 | N76: 46.30419 | O76: 48.16146 | P76: 2.2128115e+08 | Q76: 47.984062 | R76: 2.3461716e+08 | S76: 2.7355378e+08 | T76: 22-Dec-25 | U76: STLAM.MI | V76: 1 | W76: 10.11 | X76: 8.453 | Y76: 0.7 | Z76: 1.7136357e+10 | AA76: 0 | AB76: 0 | AC76: 21.399206 | AD76: 3 | AE76: 0 | AF76: 0 | AG76: 0 | AH76: 0 | AI76: 0 | AJ76: 0 | AK76: 0 | AL76: 0 | AM76: 0 | AN76: 0 | AO76: FALSE | AP76: FALSE | AQ76: FALSE | AR76: FALSE | AS76: FALSE | AT76: FALSE | AU76: FALSE | AV76: FALSE | AW76: FALSE | AX76: FALSE | AY76: FALSE | AZ76: FALSE | BA76: FALSE | BB76: FALSE
A77: 48 | B77: BMPS-IT | C77: BANCA MPS | D77: IT0005508921 | E77: MTAA | F77: 3038418183 | G77: 8.413 | H77: EUR | I77: 1.5487769e+08 | J77: 2.7979888e+08 | M77: 1.7611211e+08 | N77: 30.940844 | O77: 30.540947 | P77: 2.0218407e+08 | Q77: 37.46132 | R77: 2.4586253e+08 | S77: 2.8692151e+08 | T77: 22-Dec-25 | U77: BMPS.MI | V77: 1 | W77: 8.448 | X77: 8.413 | Y77: 0.65 | Z77: 1.6615438e+10 | AA77: 0 | AB77: 0 | AC77: 18.007362 | AD77: 2 | AE77: 0 | AF77: 0 | AG77: 0 | AH77: 0 | AI77: 0 | AJ77: 0 | AK77: 0 | AL77: 0 | AM77: 0 | AN77: 0 | AO77: FALSE | AP77: FALSE | AQ77: FALSE | AR77: FALSE | AS77: FALSE | AT77: FALSE | AU77: FALSE | AV77: FALSE | AW77: FALSE | AX77: FALSE | AY77: FALSE | AZ77: FALSE | BA77: FALSE | BB77: FALSE
A78: 210 | B78: RI-FR | C78: PERNOD RICARD | D78: FR0000120693 | E78: XPAR | F78: 252269195 | G78: 81.22 | H78: EUR | I78: 58477165 | J78: 45299529 | M78: 51741142 | N78: 27.100142 | O78: 26.243893 | P78: 52609602 | Q78: 26.95833 | R78: 53980023 | S78: 62995885 | T78: 22-Dec-25 | U78: PERP.PA | V78: 1 | W78: 76.9 | X78: 81.22 | Y78: 0.8 | Z78: 1.6391443e+10 | AA78: 0 | AB78: 0 | AC78: 17.440198 | AD78: 2 | AE78: 0 | AF78: 0 | AG78: 0 | AH78: 0 | AI78: 0 | AJ78: 0 | AK78: 0 | AL78: 0 | AM78: 0 | AN78: 0 | AO78: FALSE | AP78: FALSE | AQ78: FALSE | AR78: FALSE | AS78: FALSE | AT78: FALSE | AU78: FALSE | AV78: FALSE | AW78: FALSE | AX78: FALSE | AY78: FALSE | AZ78: FALSE | BA78: FALSE | BB78: FALSE
A79: 86 | B79: DTG-DE | C79: DAIMLER TRUCK HLDNG | D79: DE000DTR0CK8 | E79: XETR | F79: 765600400 | G79: 35.55 | H79: EUR | I79: 52595254 | J79: 44550194 | M79: 44311122 | N79: 30.24823 | O79: 29.740227 | P79: 42833332 | Q79: 31.390463 | R79: 40637190 | S79: 47356527 | T79: 22-Dec-25 | U79: DTGGe.DE | V79: 1 | W79: 37.41 | X79: 35.55 | Y79: 0.6 | Z79: 16330256532 | AA79: 0 | AB79: 0 | AC79: 20.012175 | AD79: 3 | AE79: 1 | AF79: 0 | AG79: 0 | AH79: 0 | AI79: 0 | AJ79: 0 | AK79: 0 | AL79: 0 | AM79: 0 | AN79: 0 | AO79: FALSE | AP79: FALSE | AQ79: FALSE | AR79: FALSE | AS79: FALSE | AT79: FALSE | AU79: FALSE | AV79: FALSE | AW79: FALSE | AX79: FALSE | AY79: FALSE | AZ79: FALSE | BA79: FALSE | BB79: FALSE
A80: 5 | B80: ABN-NL | C80: ABN AMRO BANK N.V. | D80: NL0011540547 | E80: XAMS | F80: 597116328 | G80: 26.89 | H80: EUR | I80: 62479204 | J80: 60705310 | M80: 64391117 | N80: 22.814224 | O80: 23.861288 | P80: 62986227 | Q80: 26.86613 | R80: 63475443 | S80: 74011533 | T80: 22-Dec-25 | U80: ABNd.AS | V80: 1 | W80: 29.12 | X80: 26.89 | Y80: 1 | Z80: 1.6056458e+10 | AA80: 0 | AB80: 0 | AC80: 14.145159 | AD80: 2 | AE80: 0 | AF80: 0 | AG80: 0 | AH80: 0 | AI80: 0 | AJ80: 0 | AK80: 0 | AL80: 0 | AM80: 0 | AN80: 0 | AO80: FALSE | AP80: FALSE | AQ80: FALSE | AR80: FALSE | AS80: FALSE | AT80: FALSE | AU80: FALSE | AV80: FALSE | AW80: FALSE | AX80: FALSE | AY80: FALSE | AZ80: FALSE | BA80: FALSE | BB80: FALSE
A81: 89 | B81: DSY-FR | C81: DASSAULT SYSTEMES | D81: FR0014003TT8 | E81: XPAR | F81: 1341456065 | G81: 23.49 | H81: EUR | I81: 53612171 | J81: 50799496 | M81: 49073401 | N81: 29.123844 | O81: 31.38166 | P81: 48129517 | Q81: 29.081903 | R81: 50366548 | S81: 58683001 | T81: 22-Dec-25 | U81: DAST.PA | V81: 1 | W81: 23.39 | X81: 23.49 | Y81: 0.5 | Z81: 1.5755401e+10 | AA81: 0 | AB81: 0 | AC81: 12.84444 | AD81: 0 | AE81: 0 | AF81: 0 | AG81: 0 | AH81: 0 | AI81: 0 | AJ81: 0 | AK81: 0 | AL81: 0 | AM81: 0 | AN81: 0 | AO81: FALSE | AP81: FALSE | AQ81: FALSE | AR81: FALSE | AS81: FALSE | AT81: FALSE | AU81: FALSE | AV81: FALSE | AW81: FALSE | AX81: FALSE | AY81: FALSE | AZ81: FALSE | BA81: FALSE | BB81: FALSE
A82: 50 | B82: SAB-ES | C82: BANCO DE SABADELL | D82: ES0113860A34 | E82: XMAD | F82: 5023677700 | G82: 3.094 | H82: EUR | I82: 42258777 | J82: 52006493 | M82: 46430483 | N82: 28.580698 | O82: 29.244661 | P82: 48183965 | Q82: 32.88321 | R82: 48883824 | S82: 57007827 | T82: 22-Dec-25 | U82: SABE.MC | V82: 1 | W82: 3.339 | X82: 3.094 | Y82: 1 | Z82: 1.5543259e+10 | AA82: 0 | AB82: 0 | AC82: 13.376625 | AD82: 2 | AE82: 0 | AF82: 0 | AG82: 0 | AH82: 0 | AI82: 0 | AJ82: 0 | AK82: 0 | AL82: 0 | AM82: 0 | AN82: 0 | AO82: FALSE | AP82: FALSE | AQ82: FALSE | AR82: FALSE | AS82: FALSE | AT82: FALSE | AU82: FALSE | AV82: FALSE | AW82: FALSE | AX82: FALSE | AY82: FALSE | AZ82: FALSE | BA82: FALSE | BB82: FALSE
A83: 202 | B83: NN-NL | C83: NN GROUP | D83: NL0010773842 | E83: XAMS | F83: 269000000 | G83: 60.62 | H83: EUR | I83: 39571077 | J83: 27579732 | M83: 35065780 | N83: 15.632864 | O83: 16.346111 | P83: 32862379 | Q83: 19.825169 | R83: 31486046 | S83: 36729281 | T83: 22-Dec-25 | U83: NN.AS | V83: 1 | W83: 64.18 | X83: 60.62 | Y83: 0.95 | Z83: 15491441000 | AA83: 0 | AB83: 0 | AC83: 16.160325 | AD83: 2 | AE83: 0 | AF83: 0 | AG83: 0 | AH83: 0 | AI83: 0 | AJ83: 0 | AK83: 0 | AL83: 0 | AM83: 0 | AN83: 0 | AO83: FALSE | AP83: FALSE | AQ83: FALSE | AR83: FALSE | AS83: FALSE | AT83: FALSE | AU83: FALSE | AV83: FALSE | AW83: FALSE | AX83: FALSE | AY83: FALSE | AZ83: FALSE | BA83: FALSE | BB83: FALSE
A84: 76 | B84: CLNX-ES | C84: CELLNEX TELECOM | D84: ES0105066007 | E84: XMAD | F84: 706475400 | G84: 25.63 | H84: EUR | I84: 38450300 | J84: 44715687 | M84: 31797455 | N84: 20.98346 | O84: 21.673153 | P84: 30198140 | Q84: 25.224396 | R84: 30521395 | S84: 35548691 | T84: 22-Dec-25 | U84: CLNX.MC | V84: 1 | W84: 25.65 | X84: 25.63 | Y84: 0.85 | Z84: 1.539092e+10 | AA84: 0 | AB84: 0 | AC84: 13.33115 | AD84: 0 | AE84: 0 | AF84: 0 | AG84: 0 | AH84: 0 | AI84: 0 | AJ84: 0 | AK84: 0 | AL84: 0 | AM84: 0 | AN84: 0 | AO84: FALSE | AP84: FALSE | AQ84: FALSE | AR84: FALSE | AS84: FALSE | AT84: FALSE | AU84: FALSE | AV84: FALSE | AW84: FALSE | AX84: FALSE | AY84: FALSE | AZ84: FALSE | BA84: FALSE | BB84: FALSE
A85: 141 | B85: HNR1-DE | C85: HANNOVER RUECK SE | D85: DE0008402215 | E85: XETR | F85: 120597140 | G85: 254.6 | H85: EUR | I85: 27907165 | J85: 26163773 | M85: 24838025 | N85: 18.355082 | O85: 19.463856 | P85: 25449524 | Q85: 22.801619 | R85: 25959880 | S85: 30252379 | T85: 22-Dec-25 | U85: HNRGn.DE | V85: 1 | W85: 261.2 | X85: 254.6 | Y85: 0.5 | Z85: 15352015922 | AA85: 0 | AB85: 0 | AC85: 16.300641 | AD85: 0 | AE85: 0 | AF85: 0 | AG85: 0 | AH85: 0 | AI85: 0 | AJ85: 0 | AK85: 0 | AL85: 0 | AM85: 0 | AN85: 0 | AO85: FALSE | AP85: FALSE | AQ85: FALSE | AR85: FALSE | AS85: FALSE | AT85: FALSE | AU85: FALSE | AV85: FALSE | AW85: FALSE | AX85: FALSE | AY85: FALSE | AZ85: FALSE | BA85: FALSE | BB85: FALSE
A86: 176 | B86: KPN-NL | C86: KPN KON | D86: NL0000009082 | E86: XAMS | F86: 3888930422 | G86: 3.93 | H86: EUR | I86: 35658391 | J86: 32373196 | M86: 35087463 | N86: 15.176304 | O86: 15.927899 | P86: 33374075 | Q86: 17.283167 | R86: 32497206 | S86: 37882663 | T86: 22-Dec-25 | U86: KPN.AS | V86: 1 | W86: 3.897 | X86: 3.93 | Y86: 1 | Z86: 1.5283497e+10 | AA86: 0 | AB86: 0 | AC86: 17.805931 | AD86: 2 | AE86: 0 | AF86: 0 | AG86: 0 | AH86: 0 | AI86: 0 | AJ86: 0 | AK86: 0 | AL86: 0 | AM86: 0 | AN86: 0 | AO86: FALSE | AP86: FALSE | AQ86: FALSE | AR86: FALSE | AS86: FALSE | AT86: FALSE | AU86: FALSE | AV86: FALSE | AW86: FALSE | AX86: FALSE | AY86: FALSE | AZ86: FALSE | BA86: FALSE | BB86: FALSE
... A132: 199 | B132: NESTE-FI | C132: NESTE OIL OYJ | D132: FI0009013296 | E132: XHEL | F132: 769211060 | G132: 16.725 | H132: EUR | I132: 24419470 | J132: 21349515 | M132: 22538713 | N132: 40.38932 | O132: 39.816174 | P132: 20441556 | Q132: 44.044815 | R132: 21570649 | S132: 25132209 | T132: 22-Dec-25 | U132: NESTE.HE | V132: 1 | W132: 18.215 | X132: 16.725 | Y132: 0.55 | Z132: 7.0757802e+09 | AA132: 0 | AB132: 0 | AC132: 26.099279 | AD132: 2 | AE132: 0 | AF132: 0 | AG132: 0 | AH132: 0 | AI132: 0 | AJ132: 0 | AK132: 0 | AL132: 0 | AM132: 0 | AN132: 0 | AO132: FALSE | AP132: FALSE | AQ132: FALSE | AR132: FALSE | AS132: FALSE | AT132: FALSE | AU132: FALSE | AV132: FALSE | AW132: FALSE | AX132: FALSE | AY132: FALSE | AZ132: FALSE | BA132: FALSE | BB132: FALSE
A133: 207 | B133: OMV-AT | C133: OMV AG | D133: AT0000743059 | E133: WBAH | F133: 327272740 | G133: 47.86 | H133: EUR | I133: 18842573 | J133: 15597631 | M133: 16669788 | N133: 23.819239 | O133: 17.926954 | P133: 14995040 | Q133: 24.09375 | R133: 15422104 | S133: 17979998 | T133: 22-Dec-25 | U133: OMVV.VI | V133: 1 | W133: 46.2 | X133: 47.86 | Y133: 0.45 | Z133: 7.048473e+09 | AA133: 0 | AB133: 0 | AC133: 30.189755 | AD133: 2 | AE133: 0 | AF133: 0 | AG133: 0 | AH133: SE1 | AI133: 0 | AJ133: 0 | AK133: 0 | AL133: 0 | AM133: 0 | AN133: 1 | AO133: FALSE | AP133: FALSE | AQ133: FALSE | AR133: FALSE | AS133: FALSE | AT133: FALSE | AU133: FALSE | AV133: FALSE | AW133: FALSE | AX133: FALSE | AY133: FALSE | AZ133: FALSE | BA133: FALSE | BB133: FALSE
A134: 265 | B134: TLX-DE | C134: TALANX AG | D134: DE000TLX1005 | E134: XETR | F134: 258229000 | G134: 108.4 | H134: EUR | I134: 11423268 | J134: 12567345 | M134: 11333177 | N134: 22.54348 | O134: 24.115028 | P134: 10959342 | Q134: 27.561188 | R134: 11651616 | S134: 13575572 | T134: 22-Dec-25 | U134: TLXGn.DE | V134: 1 | W134: 111.3 | X134: 108.4 | Y134: 0.25 | Z134: 6998005900 | AA134: 0 | AB134: 0 | AC134: 19.596866 | AD134: 2 | AE134: 0 | AF134: 0 | AG134: 0 | AH134: 0 | AI134: 0 | AJ134: 0 | AK134: 0 | AL134: 0 | AM134: 0 | AN134: 0 | AO134: FALSE | AP134: FALSE | AQ134: FALSE | AR134: FALSE | AS134: FALSE | AT134: FALSE | AU134: FALSE | AV134: FALSE | AW134: FALSE | AX134: FALSE | AY134: FALSE | AZ134: FALSE | BA134: FALSE | BB134: FALSE
A135: 230 | B135: RXL-FR | C135: REXEL | D135: FR0010451203 | E135: XPAR | F135: 299036619 | G135: 30.81 | H135: EUR | I135: 17441069 | J135: 27420409 | M135: 18436869 | N135: 24.821928 | O135: 24.891577 | P135: 20052147 | Q135: 30.508102 | R135: 22394472 | S135: 26077579 | T135: 22-Dec-25 | U135: RXL.PA | V135: 1 | W135: 32.86 | X135: 30.81 | Y135: 0.75 | Z135: 6.9099887e+09 | AA135: 0 | AB135: 0 | AC135: 13.026388 | AD135: 2 | AE135: 0 | AF135: 0 | AG135: 0 | AH135: 0 | AI135: 0 | AJ135: 0 | AK135: 0 | AL135: 0 | AM135: 0 | AN135: 0 | AO135: FALSE | AP135: FALSE | AQ135: FALSE | AR135: FALSE | AS135: FALSE | AT135: FALSE | AU135: FALSE | AV135: FALSE | AW135: FALSE | AX135: FALSE | AY135: FALSE | AZ135: FALSE | BA135: FALSE | BB135: FALSE
A136: 79 | B136: CON-DE | C136: CONTINENTAL AG | D136: DE0005439004 | E136: XETR | F136: 200005980 | G136: 62.74 | H136: EUR | I136: 31100613 | J136: 34426395 | M136: 31231244 | N136: 26.616507 | O136: 27.98447 | P136: 30871654 | Q136: 28.186989 | R136: 35230529 | S136: 41084453 | T136: 22-Dec-25 | U136: CONG.DE | V136: 1 | W136: 66.52 | X136: 62.74 | Y136: 0.55 | Z136: 6.9016064e+09 | AA136: 0 | AB136: 0 | AC136: 21.61647 | AD136: 2 | AE136: 0 | AF136: 0 | AG136: 0 | AH136: 0 | AI136: 0 | AJ136: 0 | AK136: 0 | AL136: 0 | AM136: 0 | AN136: 0 | AO136: FALSE | AP136: FALSE | AQ136: FALSE | AR136: FALSE | AS136: FALSE | AT136: FALSE | AU136: FALSE | AV136: FALSE | AW136: FALSE | AX136: FALSE | AY136: FALSE | AZ136: FALSE | BA136: FALSE | BB136: FALSE
A137: 114 | B137: ERF-FR | C137: EUROFINS SCIENT. | D137: FR0014000MR3 | E137: XPAR | F137: 182163000 | G137: 57.78 | H137: EUR | I137: 18993259 | J137: 12830068 | M137: 17759378 | N137: 22.78565 | O137: 23.707243 | P137: 16505615 | Q137: 28.44937 | R137: 16100546 | S137: 18760218 | T137: 22-Dec-25 | U137: EUFI.PA | V137: 1 | W137: 58.3 | X137: 57.78 | Y137: 0.65 | Z137: 6841495791 | AA137: 0 | AB137: 0 | AC137: 17.618419 | AD137: 2 | AE137: 0 | AF137: 0 | AG137: 0 | AH137: 0 | AI137: 0 | AJ137: 0 | AK137: 0 | AL137: 0 | AM137: 0 | AN137: 0 | AO137: FALSE | AP137: FALSE | AQ137: FALSE | AR137: FALSE | AS137: FALSE | AT137: FALSE | AU137: FALSE | AV137: FALSE | AW137: FALSE | AX137: FALSE | AY137: FALSE | AZ137: FALSE | BA137: FALSE | BB137: FALSE
A138: 258 | B138: SPIE-FR | C138: SPIE | D138: FR0012757854 | E138: XPAR | F138: 168073514 | G138: 43.88 | H138: EUR | I138: 14289435 | J138: 16826309 | M138: 16363783 | N138: 22.219112 | O138: 23.511007 | P138: 16922746 | Q138: 24.113453 | R138: 17836971 | S138: 20802082 | T138: 22-Dec-25 | U138: SPIE.PA | V138: 1 | W138: 48.66 | X138: 43.88 | Y138: 0.9 | Z138: 6.6375592e+09 | AA138: 0 | AB138: 0 | AC138: 9.5158125 | AD138: 2 | AE138: 0 | AF138: 0 | AG138: 0 | AH138: 0 | AI138: 0 | AJ138: 0 | AK138: 0 | AL138: 0 | AM138: 0 | AN138: 0 | AO138: FALSE | AP138: FALSE | AQ138: FALSE | AR138: FALSE | AS138: FALSE | AT138: FALSE | AU138: FALSE | AV138: FALSE | AW138: FALSE | AX138: FALSE | AY138: FALSE | AZ138: FALSE | BA138: FALSE | BB138: FALSE
A139: 226 | B139: RNO-FR | C139: RENAULT | D139: FR0000131906 | E139: XPAR | F139: 295722284 | G139: 34.32 | H139: EUR | I139: 45622596 | J139: 36855499 | M139: 42389916 | N139: 38.844563 | O139: 39.254604 | P139: 40778257 | Q139: 36.397713 | R139: 36942796 | S139: 43064169 | T139: 22-Dec-25 | U139: RENA.PA | V139: 1 | W139: 36.69 | X139: 34.32 | Y139: 0.65 | Z139: 6.5969727e+09 | AA139: 0 | AB139: 0 | AC139: 18.86125 | AD139: 3 | AE139: 0 | AF139: 0 | AG139: 0 | AH139: 0 | AI139: 0 | AJ139: 0 | AK139: 0 | AL139: 0 | AM139: 0 | AN139: 0 | AO139: FALSE | AP139: FALSE | AQ139: FALSE | AR139: FALSE | AS139: FALSE | AT139: FALSE | AU139: FALSE | AV139: FALSE | AW139: FALSE | AX139: FALSE | AY139: FALSE | AZ139: FALSE | BA139: FALSE | BB139: FALSE
A140: 117 | B140: EXO-NL | C140: EXOR NV | D140: NL0012059018 | E140: XAMS | F140: 207779752 | G140: 70.45 | H140: EUR | I140: 16136345 | J140: 14137701 | M140: 15281437 | N140: 24.417305 | O140: 24.951609 | P140: 15558977 | Q140: 25.376162 | R140: 17027083 | S140: 19831143 | T140: 22-Dec-25 | U140: EXOR.AS | V140: 1 | W140: 72.3 | X140: 70.45 | Y140: 0.45 | Z140: 6.5871376e+09 | AA140: 0 | AB140: 0 | AC140: 15.086639 | AD140: 2 | AE140: 0 | AF140: 0 | AG140: 0 | AH140: 0 | AI140: 0 | AJ140: 0 | AK140: 0 | AL140: 0 | AM140: 0 | AN140: 0 | AO140: FALSE | AP140: FALSE | AQ140: FALSE | AR140: FALSE | AS140: FALSE | AT140: FALSE | AU140: FALSE | AV140: FALSE | AW140: FALSE | AX140: FALSE | AY140: FALSE | AZ140: FALSE | BA140: FALSE | BB140: FALSE
A141: 209 | B141: ORNBV-FI | C141: ORION OYJ CLASS B | D141: FI0009014377 | E141: XHEL | F141: 109292460 | G141: 59.95 | H141: EUR | I141: 12719608 | J141: 13465058 | M141: 13606497 | N141: 28.161732 | O141: 30.191778 | P141: 13163966 | Q141: 31.369932 | R141: 13479906 | S141: 15704445 | T141: 22-Dec-25 | U141: ORNBV.HE | V141: 1 | W141: 61.55 | X141: 59.95 | Y141: 1 | Z141: 6552082977 | AA141: 0 | AB141: 0 | AC141: 20.441443 | AD141: 0 | AE141: 0 | AF141: 0 | AG141: 0 | AH141: 0 | AI141: 0 | AJ141: 0 | AK141: 0 | AL141: 0 | AM141: 0 | AN141: 0 | AO141: FALSE | AP141: FALSE | AQ141: FALSE | AR141: FALSE | AS141: FALSE | AT141: FALSE | AU141: FALSE | AV141: FALSE | AW141: FALSE | AX141: FALSE | AY141: FALSE | AZ141: FALSE | BA141: FALSE | BB141: FALSE
A142: 270 | B142: TEN-IT | C142: TENARIS | D142: LU2598331598 | E142: MTAA | F142: 1071994930 | G142: 17.175 | H142: EUR | I142: 36836182 | J142: 28335292 | M142: 31805866 | N142: 25.243343 | O142: 25.267416 | P142: 28743978 | Q142: 29.72518 | R142: 30481411 | S142: 35524319 | T142: 22-Dec-25 | U142: TENR.MI | V142: 1 | W142: 16.79 | X142: 17.175 | Y142: 0.35 | Z142: 6.4440295e+09 | AA142: 0 | AB142: 0 | AC142: 23.667702 | AD142: 2 | AE142: 0 | AF142: 0 | AG142: 0 | AH142: 0 | AI142: 0 | AJ142: 0 | AK142: 0 | AL142: 0 | AM142: 0 | AN142: 0 | AO142: FALSE | AP142: FALSE | AQ142: FALSE | AR142: FALSE | AS142: FALSE | AT142: FALSE | AU142: FALSE | AV142: FALSE | AW142: FALSE | AX142: FALSE | AY142: FALSE | AZ142: FALSE | BA142: FALSE | BB142: FALSE
A143: 197 | B143: NTGY-ES | C143: NATURGY ENERGY GROUP | D143: ES0116870314 | E143: XMAD | F143: 969613830 | G143: 26.42 | H143: EUR | I143: 13852216 | J143: 37344411 | M143: 19505923 | N143: 18.60859 | O143: 19.72651 | P143: 22175621 | Q143: 19.160486 | R143: 26224196 | S143: 30508957 | T143: 22-Dec-25 | U143: NTGY.MC | V143: 1 | W143: 24.56 | X143: 26.42 | Y143: 0.25 | Z143: 6.4042993e+09 | AA143: 0 | AB143: 0 | AC143: 17.660402 | AD143: 2 | AE143: 0 | AF143: 0 | AG143: 0 | AH143: 0 | AI143: 0 | AJ143: 0 | AK143: 0 | AL143: 0 | AM143: 0 | AN143: 0 | AO143: FALSE | AP143: FALSE | AQ143: FALSE | AR143: FALSE | AS143: FALSE | AT143: FALSE | AU143: FALSE | AV143: FALSE | AW143: FALSE | AX143: FALSE | AY143: FALSE | AZ143: FALSE | BA143: FALSE | BB143: FALSE
A144: 139 | B144: GTT-FR | C144: GTT | D144: FR0011726835 | E144: XPAR | F144: 37117772 | G144: 171.5 | H144: EUR | I144: 14814529 | J144: 16908998 | M144: 14393985 | N144: 24.652319 | O144: 25.923399 | P144: 14132908 | Q144: 25.450111 | R144: 14928211 | S144: 17392151 | T144: 22-Dec-25 | U144: GTT.PA | V144: 1 | W144: 157.7 | X144: 171.5 | Y144: 1 | Z144: 6365697898 | AA144: 0 | AB144: 0 | AC144: 21.917622 | AD144: 0 | AE144: 0 | AF144: 0 | AG144: 0 | AH144: 0 | AI144: 0 | AJ144: 0 | AK144: 0 | AL144: 0 | AM144: 0 | AN144: 0 | AO144: FALSE | AP144: FALSE | AQ144: FALSE | AR144: FALSE | AS144: FALSE | AT144: FALSE | AU144: FALSE | AV144: FALSE | AW144: FALSE | AX144: FALSE | AY144: FALSE | AZ144: FALSE | BA144: FALSE | BB144: FALSE
A145: 247 | B145: G24-DE | C145: SCOUT24 SE | D145: DE000A12DM80 | E145: XETR | F145: 75000000 | G145: 88.65 | H145: EUR | I145: 18585919 | J145: 19839267 | M145: 20170685 | N145: 22.325441 | O145: 23.42882 | P145: 20861950 | Q145: 23.955051 | R145: 23896968 | S145: 27893833 | T145: 22-Dec-25 | U145: G24n.DE | V145: 1 | W145: 85.85 | X145: 88.65 | Y145: 0.95 | Z145: 6316312500 | AA145: 0 | AB145: 0 | AC145: 14.205575 | AD145: 1 | AE145: 0 | AF145: 0 | AG145: 0 | AH145: 0 | AI145: 0 | AJ145: 0 | AK145: 0 | AL145: 0 | AM145: 0 | AN145: 0 | AO145: FALSE | AP145: FALSE | AQ145: FALSE | AR145: FALSE | AS145: FALSE | AT145: FALSE | AU145: FALSE | AV145: FALSE | AW145: FALSE | AX145: FALSE | AY145: FALSE | AZ145: FALSE | BA145: FALSE | BB145: FALSE
... A193: 42 | B193: AYV-FR | C193: AYVENS | D193: FR0013258662 | E193: XPAR | F193: 816960428 | G193: 10.65 | H193: EUR | I193: 4911043.7 | J193: 15253304 | M193: 6393653 | N193: 30.70346 | O193: 30.163343 | P193: 7069279 | Q193: 31.662996 | R193: 8883229.2 | S193: 10329901 | T193: 22-Dec-25 | U193: AYV.PA | V193: 1 | W193: 10.79 | X193: 10.65 | Y193: 0.45 | Z193: 3.9152829e+09 | AA193: 0 | AB193: 0 | AC193: 10.223156 | AD193: 1 | AE193: 0 | AF193: 0 | AG193: 0 | AH193: 0 | AI193: 0 | AJ193: 0 | AK193: 0 | AL193: 0 | AM193: 0 | AN193: 0 | AO193: FALSE | AP193: FALSE | AQ193: FALSE | AR193: FALSE | AS193: FALSE | AT193: FALSE | AU193: FALSE | AV193: FALSE | AW193: FALSE | AX193: FALSE | AY193: FALSE | AZ193: FALSE | BA193: FALSE | BB193: FALSE
A194: 274 | B194: TKMS-DE | C194: TKMS AG & CO | D194: DE000TKMS001 | E194: XETR | F194: 63523647 | G194: 61 | H194: EUR | I194: 38189625 | J194: 13202184 | M194: 38189625 | N194: 62.069016 | O194: 62.069016 | P194: 38189625 | Q194: 62.069016 | R194: 38189625 | S194: 44359119 | T194: 22-Dec-25 | U194: TKMS.DE | V194: 1 | W194: 64.7 | X194: 61 | Y194: 1 | Z194: 3874942467 | AO194: FALSE | AP194: FALSE | AQ194: FALSE | AR194: FALSE | AS194: FALSE | AT194: FALSE | AU194: FALSE | AV194: FALSE | AW194: FALSE | AX194: FALSE | AY194: FALSE | AZ194: FALSE | BA194: FALSE | BB194: FALSE
A195: 71 | B195: BZU-IT | C195: BUZZI | D195: IT0001347308 | E195: MTAA | F195: 192626154 | G195: 49.96 | H195: EUR | I195: 23111634 | J195: 23942158 | M195: 22778912 | N195: 33.61952 | O195: 33.515724 | P195: 24514151 | Q195: 36.906853 | R195: 23959602 | S195: 27903209 | T195: 22-Dec-25 | U195: BZU.MI | V195: 1 | W195: 53.25 | X195: 49.96 | Y195: 0.4 | Z195: 3.8494411e+09 | AA195: 0 | AB195: 0 | AC195: 28.25676 | AD195: 2 | AE195: 0 | AF195: 0 | AG195: 0 | AH195: 0 | AI195: 0 | AJ195: 0 | AK195: 0 | AL195: 0 | AM195: 0 | AN195: 0 | AO195: FALSE | AP195: FALSE | AQ195: FALSE | AR195: FALSE | AS195: FALSE | AT195: FALSE | AU195: FALSE | AV195: FALSE | AW195: FALSE | AX195: FALSE | AY195: FALSE | AZ195: FALSE | BA195: FALSE | BB195: FALSE
A196: 256 | B196: SW-FR | C196: SODEXO | D196: FR0000121220 | E196: XPAR | F196: 147454887 | G196: 47.24 | H196: EUR | I196: 14966977 | J196: 11021547 | M196: 11172567 | N196: 22.721933 | O196: 23.135597 | P196: 10369020 | Q196: 30.814163 | R196: 11827808 | S196: 13774007 | T196: 22-Dec-25 | U196: EXHO.PA | V196: 1 | W196: 45.64 | X196: 47.24 | Y196: 0.55 | Z196: 3.8311729e+09 | AA196: 0 | AB196: 0 | AC196: 24.310163 | AD196: 3 | AE196: 0 | AF196: 0 | AG196: 0 | AH196: 0 | AI196: 0 | AJ196: 0 | AK196: 0 | AL196: 0 | AM196: 0 | AN196: 0 | AO196: FALSE | AP196: FALSE | AQ196: FALSE | AR196: FALSE | AS196: FALSE | AT196: FALSE | AU196: FALSE | AV196: FALSE | AW196: FALSE | AX196: FALSE | AY196: FALSE | AZ196: FALSE | BA196: FALSE | BB196: FALSE
A197: 29 | B197: ANDR-AT | C197: ANDRITZ AG | D197: AT0000730007 | E197: WBAH | F197: 104000000 | G197: 61.35 | H197: EUR | I197: 5184055.7 | J197: 4583619.3 | M197: 4494458.7 | N197: 25.618568 | O197: 27.46628 | P197: 4454658.2 | Q197: 29.473928 | R197: 4415337.4 | S197: 5143482.3 | T197: 22-Dec-25 | U197: ANDR.VI | V197: 1 | W197: 64.45 | X197: 61.35 | Y197: 0.6 | Z197: 3828240000 | AA197: 0 | AB197: 0 | AC197: 20.522261 | AD197: 1 | AE197: 0 | AF197: 0 | AG197: 0 | AH197: 0 | AI197: 0 | AJ197: 0 | AK197: 0 | AL197: 0 | AM197: 0 | AN197: 0 | AO197: FALSE | AP197: FALSE | AQ197: FALSE | AR197: FALSE | AS197: FALSE | AT197: FALSE | AU197: FALSE | AV197: FALSE | AW197: FALSE | AX197: FALSE | AY197: FALSE | AZ197: FALSE | BA197: FALSE | BB197: FALSE
A198: 85 | B198: CVC-NL | C198: CVC CAPITAL | D198: JE00BRX98089 | E198: XAMS | F198: 1062984492 | G198: 13.86 | H198: EUR | I198: 11480626 | J198: 8333347.2 | M198: 8448128.6 | N198: 30.491682 | O198: 30.56011 | P198: 8446041.7 | Q198: 36.438377 | R198: 9861011.9 | S198: 11503476 | T198: 22-Dec-25 | U198: CVC.AS | V198: 1 | W198: 14.34 | X198: 13.86 | Y198: 0.25 | Z198: 3.6832413e+09 | AA198: 0 | AB198: 0 | AC198: 25.314858 | AD198: 2 | AE198: 0 | AF198: 0 | AG198: 0 | AH198: 0 | AI198: 0 | AJ198: 0 | AK198: 0 | AL198: 0 | AM198: 0 | AN198: 0 | AO198: FALSE | AP198: FALSE | AQ198: FALSE | AR198: FALSE | AS198: FALSE | AT198: FALSE | AU198: FALSE | AV198: FALSE | AW198: FALSE | AX198: FALSE | AY198: FALSE | AZ198: FALSE | BA198: FALSE | BB198: FALSE
A199: 292 | B199: VOE-AT | C199: VOESTALPINE AG | D199: AT0000937503 | E199: WBAH | F199: 178549160 | G199: 34.28 | H199: EUR | I199: 8455710.7 | J199: 11788075 | M199: 8137427.8 | N199: 30.90596 | O199: 32.37106 | P199: 8725993.4 | Q199: 31.960653 | R199: 9465144.9 | S199: 11030886 | T199: 22-Dec-25 | U199: VOES.VI | V199: 1 | W199: 38.56 | X199: 34.28 | Y199: 0.6 | Z199: 3.6723991e+09 | AA199: 0 | AB199: 0 | AC199: 24.902169 | AD199: 2 | AE199: 0 | AF199: 0 | AG199: 0 | AH199: 0 | AI199: 0 | AJ199: 0 | AK199: 0 | AL199: 0 | AM199: 0 | AN199: 0 | AO199: FALSE | AP199: FALSE | AQ199: FALSE | AR199: FALSE | AS199: FALSE | AT199: FALSE | AU199: FALSE | AV199: FALSE | AW199: FALSE | AX199: FALSE | AY199: FALSE | AZ199: FALSE | BA199: FALSE | BB199: FALSE
A200: 80 | B200: MAP-ES | C200: CORPORACION MAPFRE | D200: ES0124244E34 | E200: XMAD | F200: 3079553200 | G200: 3.938 | H200: EUR | I200: 9923734 | J200: 20217356 | M200: 12579749 | N200: 18.947657 | O200: 19.29465 | P200: 11894047 | Q200: 24.514212 | R200: 13557307 | S200: 15779156 | T200: 22-Dec-25 | U200: MAP.MC | V200: 1 | W200: 4.17 | X200: 3.938 | Y200: 0.3 | Z200: 3.6381842e+09 | AA200: 0 | AB200: 0 | AC200: 17.818166 | AD200: 2 | AE200: 0 | AF200: 0 | AG200: 0 | AH200: 0 | AI200: 0 | AJ200: 0 | AK200: 0 | AL200: 0 | AM200: 0 | AN200: 0 | AO200: FALSE | AP200: FALSE | AQ200: FALSE | AR200: FALSE | AS200: FALSE | AT200: FALSE | AU200: FALSE | AV200: FALSE | AW200: FALSE | AX200: FALSE | AY200: FALSE | AZ200: FALSE | BA200: FALSE | BB200: FALSE
A201: 134 | B201: GFC-FR | C201: GECINA | D201: FR0010040865 | E201: XPAR | F201: 76792337 | G201: 78.8 | H201: EUR | I201: 11583353 | J201: 10203923 | M201: 11649921 | N201: 15.508024 | O201: 15.294494 | P201: 11087050 | Q201: 19.638895 | R201: 12136513 | S201: 14153034 | T201: 22-Dec-25 | U201: GFCP.PA | V201: 1 | W201: 79.8 | X201: 78.8 | Y201: 0.6 | Z201: 3.6307417e+09 | AA201: 0 | AB201: 0 | AC201: 9.8726875 | AD201: 0 | AE201: 0 | AF201: 0 | AG201: 0 | AH201: 0 | AI201: 0 | AJ201: 0 | AK201: 0 | AL201: 0 | AM201: 0 | AN201: 0 | AO201: FALSE | AP201: FALSE | AQ201: FALSE | AR201: FALSE | AS201: FALSE | AT201: FALSE | AU201: FALSE | AV201: FALSE | AW201: FALSE | AX201: FALSE | AY201: FALSE | AZ201: FALSE | BA201: FALSE | BB201: FALSE
A202: 43 | B202: AZM-IT | C202: AZIMUT | D202: IT0003261697 | E202: MTAA | F202: 143254497 | G202: 33.65 | H202: EUR | I202: 24274358 | J202: 76835928 | M202: 27019509 | N202: 27.528574 | O202: 28.297773 | P202: 28988469 | Q202: 33.13926 | R202: 33510025 | S202: 39005922 | T202: 22-Dec-25 | U202: AZMT.MI | V202: 1 | W202: 35.05 | X202: 33.65 | Y202: 0.75 | Z202: 3.6153854e+09 | AA202: 0 | AB202: 0 | AC202: 20.12618 | AD202: 2 | AE202: 0 | AF202: 0 | AG202: 0 | AH202: 0 | AI202: 0 | AJ202: 0 | AK202: 0 | AL202: 0 | AM202: 0 | AN202: 0 | AO202: FALSE | AP202: FALSE | AQ202: FALSE | AR202: FALSE | AS202: FALSE | AT202: FALSE | AU202: FALSE | AV202: FALSE | AW202: FALSE | AX202: FALSE | AY202: FALSE | AZ202: FALSE | BA202: FALSE | BB202: FALSE
A203: 90 | B203: DHER-DE | C203: DELIVERY HERO SE | D203: DE000A2E4K43 | E203: XETR | F203: 298230930 | G203: 16.02 | H203: EUR | I203: 20598770 | J203: 26293718 | M203: 18721885 | N203: 53.679752 | O203: 55.503788 | P203: 19592830 | Q203: 53.647118 | R203: 19005803 | S203: 22147223 | T203: 22-Dec-25 | U203: DHER.DE | V203: 1 | W203: 21.69 | X203: 16.02 | Y203: 0.75 | Z203: 3.5832446e+09 | AA203: 0 | AB203: 0 | AC203: 21.724185 | AD203: 3 | AE203: 0 | AF203: 0 | AG203: 0 | AH203: 0 | AI203: 0 | AJ203: 0 | AK203: 0 | AL203: 0 | AM203: 0 | AN203: 0 | AO203: FALSE | AP203: FALSE | AQ203: FALSE | AR203: FALSE | AS203: FALSE | AT203: FALSE | AU203: FALSE | AV203: FALSE | AW203: FALSE | AX203: FALSE | AY203: FALSE | AZ203: FALSE | BA203: FALSE | BB203: FALSE
A204: 269 | B204: TEP-FR | C204: TELEPERFORMANCE | D204: FR0000051807 | E204: XPAR | F204: 59874365 | G204: 59.8 | H204: EUR | I204: 22199564 | J204: 16786189 | M204: 21776181 | N204: 48.36771 | O204: 46.278744 | P204: 19922656 | Q204: 45.176674 | R204: 18222941 | S204: 21258460 | T204: 22-Dec-25 | U204: TEPRF.PA | V204: 1 | W204: 60.1 | X204: 59.8 | Y204: 1 | Z204: 3580487027 | AA204: 0 | AB204: 0 | AC204: 12.2392 | AD204: 2 | AE204: 0 | AF204: 0 | AG204: 0 | AH204: 0 | AI204: 0 | AJ204: 0 | AK204: 0 | AL204: 0 | AM204: 0 | AN204: 0 | AO204: FALSE | AP204: FALSE | AQ204: FALSE | AR204: FALSE | AS204: FALSE | AT204: FALSE | AU204: FALSE | AV204: FALSE | AW204: FALSE | AX204: FALSE | AY204: FALSE | AZ204: FALSE | BA204: FALSE | BB204: FALSE
A205: 12 | B205: ADP-FR | C205: ADP | D205: FR0010340141 | E205: XPAR | F205: 98960602 | G205: 120.5 | H205: EUR | I205: 10553960 | J205: 7949613.8 | M205: 9938521.5 | N205: 22.79866 | O205: 21.999624 | P205: 8955430.1 | Q205: 22.36743 | R205: 8833649.3 | S205: 10291722 | T205: 22-Dec-25 | U205: ADP.PA | V205: 1 | W205: 129.5 | X205: 120.5 | Y205: 0.3 | Z205: 3.5774258e+09 | AA205: 0 | AB205: 0 | AC205: 20.398251 | AD205: 2 | AE205: 0 | AF205: 0 | AG205: 0 | AH205: 0 | AI205: 0 | AJ205: 0 | AK205: 0 | AL205: 0 | AM205: 0 | AN205: 1 | AO205: FALSE | AP205: FALSE | AQ205: FALSE | AR205: FALSE | AS205: FALSE | AT205: FALSE | AU205: FALSE | AV205: FALSE | AW205: FALSE | AX205: FALSE | AY205: FALSE | AZ205: FALSE | BA205: FALSE | BB205: FALSE
A206: 101 | B206: EDPR-PT | C206: EDP RENOVAVEIS | D206: ES0127797019 | E206: XLIS | F206: 1051033116 | G206: 11.29 | H206: EUR | I206: 13247506 | J206: 15077443 | M206: 14145310 | N206: 33.04447 | O206: 33.367504 | P206: 14137699 | Q206: 37.852108 | R206: 15758458 | S206: 18368607 | T206: 22-Dec-25 | U206: EDPR.LS | V206: 1 | W206: 11.73 | X206: 11.29 | Y206: 0.3 | Z206: 3.5598492e+09 | AA206: 0 | AB206: 0 | AC206: 14.528235 | AD206: 3 | AE206: 0 | AF206: 0 | AG206: 0 | AH206: 0 | AI206: 0 | AJ206: 0 | AK206: 0 | AL206: 0 | AM206: 0 | AN206: 0 | AO206: FALSE | AP206: FALSE | AQ206: FALSE | AR206: FALSE | AS206: FALSE | AT206: FALSE | AU206: FALSE | AV206: FALSE | AW206: FALSE | AX206: FALSE | AY206: FALSE | AZ206: FALSE | BA206: FALSE | BB206: FALSE
... A267: 248 | B267: SESG-FR | C267: SES | D267: LU0088087324 | E267: XPAR | F267: 383457600 | G267: 5.655 | H267: EUR | I267: 2783088.1 | J267: 3774376 | M267: 2690471.8 | N267: 44.046356 | O267: 44.257626 | P267: 2686273.9 | Q267: 46.122368 | R267: 2878635.6 | S267: 3353799.9 | T267: 22-Dec-25 | U267: SESFd.PA | V267: 1 | W267: 5.23 | X267: 5.655 | Y267: 0.95 | Z267: 2.0600301e+09 | AA267: 0 | AB267: 0 | AC267: 14.926125 | AD267: 1 | AE267: 0 | AF267: 0 | AG267: 0 | AH267: 0 | AI267: 0 | AJ267: 0 | AK267: 0 | AL267: 0 | AM267: 0 | AN267: 0 | AO267: FALSE | AP267: FALSE | AQ267: FALSE | AR267: FALSE | AS267: FALSE | AT267: FALSE | AU267: FALSE | AV267: FALSE | AW267: FALSE | AX267: FALSE | AY267: FALSE | AZ267: FALSE | BA267: FALSE | BB267: FALSE
A268: 38 | B268: AMV0-DE | C268: AUMOVIO | D268: DE000AUM0V10 | E268: XETR | F268: 100050990 | G268: 36.9 | H268: EUR | I268: 20381900 | J268: 8500731.9 | M268: 20381900 | N268: 46.747997 | O268: 46.747997 | P268: 20381900 | Q268: 46.747997 | R268: 20381900 | S268: 23842996 | T268: 22-Dec-25 | U268: AMV0n.DE | V268: 1 | W268: 42.68 | X268: 36.9 | Y268: 0.55 | Z268: 2.0305348e+09 | AO268: FALSE | AP268: FALSE | AQ268: FALSE | AR268: FALSE | AS268: FALSE | AT268: FALSE | AU268: FALSE | AV268: FALSE | AW268: FALSE | AX268: FALSE | AY268: FALSE | AZ268: FALSE | BA268: FALSE | BB268: FALSE
A269: 201 | B269: NEXI-IT | C269: NEXI | D269: IT0005366767 | E269: MTAA | F269: 1172545414 | G269: 3.792 | H269: EUR | I269: 33536188 | J269: 49051296 | M269: 33202180 | N269: 29.326761 | O269: 29.978676 | P269: 32552187 | Q269: 35.00261 | R269: 35373209 | S269: 41205760 | T269: 22-Dec-25 | U269: NEXII.MI | V269: 1 | W269: 4.006 | X269: 3.792 | Y269: 0.45 | Z269: 2.0008315e+09 | AA269: 0 | AB269: 0 | AC269: 22.177595 | AD269: 1 | AE269: 0 | AF269: 0 | AG269: 0 | AH269: 0 | AI269: 0 | AJ269: 0 | AK269: 0 | AL269: 0 | AM269: 0 | AN269: 0 | AO269: FALSE | AP269: FALSE | AQ269: FALSE | AR269: FALSE | AS269: FALSE | AT269: FALSE | AU269: FALSE | AV269: FALSE | AW269: FALSE | AX269: FALSE | AY269: FALSE | AZ269: FALSE | BA269: FALSE | BB269: FALSE
A270: 124 | B270: FDR-ES | C270: FLUIDRA | D270: ES0137650018 | E270: XMAD | F270: 192129070 | G270: 23.08 | H270: EUR | I270: 7130279.6 | J270: 5743717.2 | M270: 6622754 | N270: 27.132677 | O270: 28.32197 | P270: 5962722.3 | Q270: 31.471191 | R270: 5779755.8 | S270: 6728926.5 | T270: 22-Dec-25 | U270: FLUI.MC | V270: 1 | W270: 23.16 | X270: 23.08 | Y270: 0.45 | Z270: 1.9954525e+09 | AA270: 0 | AB270: 0 | AC270: 23.579821 | AD270: 0 | AE270: 0 | AF270: 0 | AG270: 0 | AH270: 0 | AI270: 0 | AJ270: 0 | AK270: 0 | AL270: 0 | AM270: 0 | AN270: 0 | AO270: FALSE | AP270: FALSE | AQ270: FALSE | AR270: FALSE | AS270: FALSE | AT270: FALSE | AU270: FALSE | AV270: FALSE | AW270: FALSE | AX270: FALSE | AY270: FALSE | AZ270: FALSE | BA270: FALSE | BB270: FALSE
A271: 26 | B271: ATE-FR | C271: ALTEN | D271: FR0000071946 | E271: XPAR | F271: 35343326 | G271: 64.8 | H271: EUR | I271: 3859277.7 | J271: 4033029.7 | M271: 3542972.7 | N271: 28.495096 | O271: 28.599943 | P271: 3590671.5 | Q271: 36.46609 | R271: 3965310.9 | S271: 4618341.8 | T271: 22-Dec-25 | U271: LTEN.PA | V271: 1 | W271: 73 | X271: 64.8 | Y271: 0.85 | Z271: 1.9467104e+09 | AA271: 0 | AB271: 0 | AC271: 17.6457 | AD271: 1 | AE271: 0 | AF271: 0 | AG271: 0 | AH271: 0 | AI271: 0 | AJ271: 0 | AK271: 0 | AL271: 0 | AM271: 0 | AN271: 0 | AO271: FALSE | AP271: FALSE | AQ271: FALSE | AR271: FALSE | AS271: FALSE | AT271: FALSE | AU271: FALSE | AV271: FALSE | AW271: FALSE | AX271: FALSE | AY271: FALSE | AZ271: FALSE | BA271: FALSE | BB271: FALSE
A272: 123 | B272: FLU-AT | C272: Flughafen Wien AG | D272: AT00000VIE62 | E272: WBAH | F272: 84000000 | G272: 53 | H272: EUR | I272: 75155.84 | J272: 33415.213 | M272: 85432.868 | N272: 21.17695 | O272: 21.756851 | P272: 95136.392 | Q272: 22.035782 | R272: 96474.418 | S272: 112794.82 | T272: 22-Dec-25 | U272: VIEV.VI | V272: 1 | W272: 54.8 | Y272: 1 | AA272: 0 | AB272: 0 | AC272: 22.029308 | AD272: 0 | AE272: 0 | AF272: 0 | AG272: 0 | AH272: 0 | AI272: 0 | AJ272: 0 | AK272: 0 | AL272: 0 | AM272: 0 | AN272: 0 | AO272: FALSE | AP272: FALSE | AQ272: FALSE | AR272: FALSE | AS272: FALSE | AT272: FALSE | AU272: FALSE | AV272: FALSE | AW272: FALSE | AX272: FALSE | AY272: FALSE | AZ272: FALSE | BA272: FALSE | BB272: FALSE
A273: 185 | B273: MICC-NL | C273: MAGNUM | D273: NL0015002MS2 | E273: XAMS | F273: 612259739 | G273: 13.447685 | H273: EUR | I273: 3650398.7 | J273: 3201151.2 | M273: 2968536.2 | N273: 0.80589823 | O273: 0.8306094 | P273: 3084673.1 | Q273: 0.98213662 | R273: 3230482.8 | S273: 0 | T273: 22-Dec-25 | U273: MICCT.AS | V273: 1 | W273: 13.78 | Y273: 0.8 | AO273: FALSE | AP273: FALSE | AQ273: FALSE | AR273: FALSE | AS273: FALSE | AT273: FALSE | AU273: FALSE | AV273: FALSE | AW273: FALSE | AX273: FALSE | AY273: FALSE | AZ273: FALSE | BA273: FALSE | BB273: FALSE

Sheet Full Universe
A1: Rank | B1: Ticker | C1: Company | E1: ISIN code | F1: MIC | G1: Number of Shares | H1: Price | I1: Currency | J1: 12 month aver. turnover EUR | K1: 20 days aver. turn EUR | L1: 10 days aver. turn EUR | M1: 5 days aver. turn EUR | N1: 6 month aver. turnover EUR | O1: 126 days volatility | P1: 100 days volatility | Q1: 100 days aver. turn EUR | R1: 180 days volatility | S1: 3 months aver. Turnover EUR | T1: 3 months aver. Turnover USD | U1: Effective Date of Review | V1: #Symbol | W1: FX/Index Ccy | X1: Close Prc_EOD | Y1: Close Prc_CO | Z1: Free Float Round: | AA1: FFMC_CO | AC1: 181110112399 - ESG Risk Score | AD1: 171613102999 - Controversial Weapons Non tailor-made or non essential-Category of Involvement Id | AE1: 171611102999 - Controversial Weapons Tailor-made and essential-Category of Involvement Id | AF1: 181110112399 - ESG Risk Score | AG1: 121010112599 - Highest Controversy Level-Answer Category | AH1: 172113112999 - Military Contracting Weapon-related products and/or services-Level of Involvement Id | AI1: 172111112999 - Military Contracting Weapons-Level of Involvement Id | AJ1: 173011102999 - Oil Sands Extraction-Category of Involvement Id | AK1: 173211102999 - Shale Energy Extraction-Category of Involvement Id | AL1: 171711112999 - Small Arms Civilian customers (Assault weapons)-Level of Involvement Id | AM1: 171721112999 - Small Arms Civilian customers (Non-assault weapons)-Level of Involvement Id | AN1: 171025111199 - Thermal Coal Extraction-Revenue Percentage | AO1: 172813112999 - Thermal Coal Power Generation-Level of Involvement Id | AP1: 172911112999 - Tobacco Products Production-Level of Involvement Id | AQ1: 172915112999 - Tobacco Products Retail-Level of Involvement Id | AR1: excl_controversy | AS1: excl_tobacco_production | AT1: excl_tobacco_retail | AU1: excl_military_weapons | AV1: excl_military_related | AW1: excl_controv_weapons_essential | AX1: excl_controv_weapons_non_essential | AY1: excl_small_arms_assault | AZ1: excl_small_arms_non_assault | BA1: excl_oil_sands | BB1: excl_shale_energy | BC1: excl_thermal_coal_extraction | BD1: excl_thermal_coal_power | BE1: excluded
A2: 36 | B2: ASML-NL | C2: ASML HOLDING | E2: NL0010273215 | F2: XAMS | G2: 388147674 | H2: 834 | I2: EUR | J2: 5.0748503e+08 | K2: 5.1907545e+08 | N2: 4.7687009e+08 | O2: 35.69043 | P2: 37.997826 | Q2: 4.9820659e+08 | R2: 36.628567 | S2: 5.3938184e+08 | T2: 6.2879074e+08 | U2: 22-Dec-25 | V2: ASML.AS | W2: 1 | X2: 908.6 | Y2: 834 | Z2: 1 | AA2: 323715160116 | AB2: =_xlfn.XLOOKUP(E2,[2]generation_steps!$C$2:$C$5101,[2]generation_steps!$G$2:$G$5101) -> 323715160116 | AC2: 8.928945 | AD2: 0 | AE2: 0 | AF2: 8.928945 | AG2: 2 | AH2: 0 | AI2: 0 | AJ2: 0 | AK2: 0 | AL2: 0 | AM2: 0 | AN2: 0 | AO2: 0 | AP2: 0 | AQ2: 0 | AR2: FALSE | AS2: FALSE | AT2: FALSE | AU2: FALSE | AV2: FALSE | AW2: FALSE | AX2: FALSE | AY2: FALSE | AZ2: FALSE | BA2: FALSE | BB2: FALSE | BC2: FALSE | BD2: FALSE | BE2: FALSE
A3: 240 | B3: SAP-DE | C3: SAP | E3: DE0007164600 | F3: XETR | G3: 1228504300 | H3: 205 | I3: EUR | J3: 3.958539e+08 | K3: 2.6802564e+08 | N3: 3.4841661e+08 | O3: 27.421091 | P3: 28.854689 | Q3: 3.2556895e+08 | R3: 31.971903 | S3: 3.2230969e+08 | T3: 3.7602994e+08 | U3: 22-Dec-25 | V3: SAPG.DE | W3: 1 | X3: 206.65 | Y3: 205 | Z3: 0.9 | AA3: 226659043350 | AB3: =_xlfn.XLOOKUP(E3,[2]generation_steps!$C$2:$C$5101,[2]generation_steps!$G$2:$G$5101) -> 226659043350 | AC3: 11.22554 | AD3: 0 | AE3: 0 | AF3: 11.22554 | AG3: 2 | AH3: 0 | AI3: 0 | AJ3: 0 | AK3: 0 | AL3: 0 | AM3: 0 | AN3: 0 | AO3: 0 | AP3: 0 | AQ3: 0 | AR3: FALSE | AS3: FALSE | AT3: FALSE | AU3: FALSE | AV3: FALSE | AW3: FALSE | AX3: FALSE | AY3: FALSE | AZ3: FALSE | BA3: FALSE | BB3: FALSE | BC3: FALSE | BD3: FALSE | BE3: FALSE
A4: 249 | B4: SHELL-NL | C4: SHELL PLC | E4: GB00BP6MXD84 | F4: XAMS | G4: 5977723229 | H4: 31.775 | I4: EUR | J4: 1.7408623e+08 | K4: 1.6932927e+08 | N4: 1.4964321e+08 | O4: 17.12968 | P4: 16.406609 | Q4: 1.4949047e+08 | R4: 22.196854 | S4: 1.5827562e+08 | T4: 1.8442155e+08 | U4: 22-Dec-25 | V4: SHEL.AS | W4: 1 | X4: 30.1 | Y4: 31.775 | Z4: 1 | AA4: 1.8994216e+11 | AB4: =_xlfn.XLOOKUP(E4,[2]generation_steps!$C$2:$C$5101,[2]generation_steps!$G$2:$G$5101) -> 1.8994216e+11 | AC4: 31.377848 | AD4: 0 | AE4: 0 | AF4: 31.377848 | AG4: 4 | AH4: 0 | AI4: 0 | AJ4: OS1 | AK4: SE1 | AL4: 0 | AM4: 0 | AN4: 0 | AO4: 0 | AP4: 0 | AQ4: 1 | AR4: TRUE | AS4: FALSE | AT4: FALSE | AU4: FALSE | AV4: FALSE | AW4: FALSE | AX4: FALSE | AY4: FALSE | AZ4: FALSE | BA4: FALSE | BB4: FALSE | BC4: FALSE | BD4: FALSE | BE4: TRUE
A5: 250 | B5: SIE-DE | C5: SIEMENS AG | E5: DE0007236101 | F5: XETR | G5: 800000000 | H5: 219.15 | I5: EUR | J5: 2.6484863e+08 | K5: 2.6831397e+08 | N5: 2.1893284e+08 | O5: 28.99122 | P5: 30.5399 | Q5: 2.1063116e+08 | R5: 32.5281 | S5: 2.1377388e+08 | T5: 2.4915543e+08 | U5: 22-Dec-25 | V5: SIEGn.DE | W5: 1 | X5: 237.5 | Y5: 219.15 | Z5: 0.95 | AA5: 166554000000 | AB5: =_xlfn.XLOOKUP(E5,[2]generation_steps!$C$2:$C$5101,[2]generation_steps!$G$2:$G$5101) -> 166554000000 | AC5: 22.967218 | AD5: 0 | AE5: 0 | AF5: 22.967218 | AG5: 2 | AH5: 0 | AI5: 0 | AJ5: 0 | AK5: 0 | AL5: 0 | AM5: 0 | AN5: 0 | AO5: 0 | AP5: 0 | AQ5: 0 | AR5: FALSE | AS5: FALSE | AT5: FALSE | AU5: FALSE | AV5: FALSE | AW5: FALSE | AX5: FALSE | AY5: FALSE | AZ5: FALSE | BA5: FALSE | BB5: FALSE | BC5: FALSE | BD5: FALSE | BE5: FALSE
A6: 184 | B6: MC-FR | C6: LVMH | E6: FR0000121014 | F6: XPAR | G6: 497686940 | H6: 623 | I6: EUR | J6: 2.9617958e+08 | K6: 2.3267182e+08 | N6: 2.555721e+08 | O6: 32.682705 | P6: 33.556435 | Q6: 2.5173734e+08 | R6: 34.11415 | S6: 2.690273e+08 | T6: 3.1355595e+08 | U6: 22-Dec-25 | V6: LVMH.PA | W6: 1 | X6: 636.5 | Y6: 623 | Z6: 0.5 | AA6: 155029481810 | AB6: =_xlfn.XLOOKUP(E6,[2]generation_steps!$C$2:$C$5101,[2]generation_steps!$G$2:$G$5101) -> 155029481810 | AC6: 13.552071 | AD6: 0 | AE6: 0 | AF6: 13.552071 | AG6: 2 | AH6: 0 | AI6: 0 | AJ6: 0 | AK6: 0 | AL6: 0 | AM6: 0 | AN6: 0 | AO6: 0 | AP6: 0 | AQ6: 1 | AR6: FALSE | AS6: FALSE | AT6: FALSE | AU6: FALSE | AV6: FALSE | AW6: FALSE | AX6: FALSE | AY6: FALSE | AZ6: FALSE | BA6: FALSE | BB6: FALSE | BC6: FALSE | BD6: FALSE | BE6: FALSE
A7: 24 | B7: ALV-DE | C7: ALLIANZ SE | E7: DE0008404005 | F7: XETR | G7: 386166700 | H7: 363.1 | I7: EUR | J7: 2.3615602e+08 | K7: 1.7284928e+08 | N7: 1.9210522e+08 | O7: 18.476725 | P7: 19.508808 | Q7: 1.7809613e+08 | R7: 21.759954 | S7: 1.6830398e+08 | T7: 1.9617526e+08 | U7: 22-Dec-25 | V7: ALVG.DE | W7: 1 | X7: 383.3 | Y7: 363.1 | Z7: 1 | AA7: 140217128770 | AB7: =_xlfn.XLOOKUP(E7,[2]generation_steps!$C$2:$C$5101,[2]generation_steps!$G$2:$G$5101) -> 140217128770 | AC7: 13.1641 | AD7: 0 | AE7: 0 | AF7: 13.1641 | AG7: 2 | AH7: 0 | AI7: 0 | AJ7: 0 | AK7: 0 | AL7: 0 | AM7: 0 | AN7: 0 | AO7: 0 | AP7: 0 | AQ7: 0 | AR7: FALSE | AS7: FALSE | AT7: FALSE | AU7: FALSE | AV7: FALSE | AW7: FALSE | AX7: FALSE | AY7: FALSE | AZ7: FALSE | BA7: FALSE | BB7: FALSE | BC7: FALSE | BD7: FALSE | BE7: FALSE
A8: 283 | B8: UNA-NL | C8: UNILEVER | E8: GB00BVZK7T90 | F8: XAMS | G8: 2637743772 | H8: 49.238591 | I8: EUR | J8: 57583134 | K8: 50496488 | N8: 46827108 | O8: 12.712624 | P8: 13.10243 | Q8: 48659108 | R8: 15.492692 | S8: 50959180 | T8: 0 | U8: 22-Dec-25 | V8: ULVR.AS | W8: 1 | X8: 54.72 | Y8: 52.36 | Z8: 1 | AA8: 1.3811226e+11 | AB8: =_xlfn.XLOOKUP(E8,[2]generation_steps!$C$2:$C$5101,[2]generation_steps!$G$2:$G$5101) -> 1.2987879e+11 | AC8: 16.078095 | AD8: 0 | AE8: 0 | AF8: 16.078095 | AG8: 2 | AH8: 0 | AI8: 0 | AJ8: 0 | AK8: 0 | AL8: 0 | AM8: 0 | AN8: 0 | AO8: 0 | AP8: 0 | AQ8: 0 | AR8: FALSE | AS8: FALSE | AT8: FALSE | AU8: FALSE | AV8: FALSE | AW8: FALSE | AX8: FALSE | AY8: FALSE | AZ8: FALSE | BA8: FALSE | BB8: FALSE | BC8: FALSE | BD8: FALSE | BE8: FALSE
A9: 51 | B9: SAN-ES | C9: BANCO SANTANDER CENT | E9: ES0113900J37 | F9: XMAD | G9: 14885325000 | H9: 8.805 | I9: EUR | J9: 1.9934083e+08 | K9: 2.4831944e+08 | N9: 1.936803e+08 | O9: 26.54015 | P9: 26.308455 | Q9: 1.9984515e+08 | R9: 31.74772 | S9: 2.1740067e+08 | T9: 2.5332558e+08 | U9: 22-Dec-25 | V9: SAN.MC | W9: 1 | X9: 9.817 | Y9: 8.805 | Z9: 1 | AA9: 131065286625 | AB9: =_xlfn.XLOOKUP(E9,[2]generation_steps!$C$2:$C$5101,[2]generation_steps!$G$2:$G$5101) -> 131065286625 | AC9: 9.8890125 | AD9: 0 | AE9: 0 | AF9: 9.8890125 | AG9: 2 | AH9: 0 | AI9: 0 | AJ9: 0 | AK9: 0 | AL9: 0 | AM9: 0 | AN9: 0 | AO9: 0 | AP9: 0 | AQ9: 0 | AR9: FALSE | AS9: FALSE | AT9: FALSE | AU9: FALSE | AV9: FALSE | AW9: FALSE | AX9: FALSE | AY9: FALSE | AZ9: FALSE | BA9: FALSE | BB9: FALSE | BC9: FALSE | BD9: FALSE | BE9: FALSE
A10: 245 | B10: SU-FR | C10: SCHNEIDER ELECTRIC | E10: FR0000121972 | F10: XPAR | G10: 577122512 | H10: 222.3 | I10: EUR | J10: 2.2594707e+08 | K10: 2.0740473e+08 | N10: 1.9984495e+08 | O10: 29.388895 | P10: 29.79526 | Q10: 2.0034853e+08 | R10: 33.028824 | S10: 2.0033574e+08 | T10: 2.3358204e+08 | U10: 22-Dec-25 | V10: SCHN.PA | W10: 1 | X10: 239.25 | Y10: 222.3 | Z10: 1 | AA10: 1.2829433e+11 | AB10: =_xlfn.XLOOKUP(E10,[2]generation_steps!$C$2:$C$5101,[2]generation_steps!$G$2:$G$5101) -> 1.2829433e+11 | AC10: 7.1448088 | AD10: 0 | AE10: 0 | AF10: 7.1448088 | AG10: 2 | AH10: 1 | AI10: 0 | AJ10: 0 | AK10: 0 | AL10: 0 | AM10: 0 | AN10: 0 | AO10: 0 | AP10: 0 | AQ10: 0 | AR10: FALSE | AS10: FALSE | AT10: FALSE | AU10: FALSE | AV10: FALSE | AW10: FALSE | AX10: FALSE | AY10: FALSE | AZ10: FALSE | BA10: FALSE | BB10: FALSE | BC10: FALSE | BD10: FALSE | BE10: FALSE
A11: 21 | B11: AIR-FR | C11: AIRBUS | E11: NL0000235190 | F11: XPAR | G11: 792283683 | H11: 202.75 | I11: EUR | J11: 1.8871926e+08 | K11: 1.6729117e+08 | N11: 1.7095168e+08 | O11: 21.41899 | P11: 20.605274 | Q11: 1.6736631e+08 | R11: 28.784521 | S11: 1.6885063e+08 | T11: 1.9690221e+08 | U11: 22-Dec-25 | V11: AIR.PA | W11: 1 | X11: 192.96 | Y11: 202.75 | Z11: 0.75 | AA11: 1.2047664e+11 | AB11: =_xlfn.XLOOKUP(E11,[2]generation_steps!$C$2:$C$5101,[2]generation_steps!$G$2:$G$5101) -> 1.2047664e+11 | AC11: 20.333018 | AD11: 0 | AE11: CW1 | AF11: 20.333018 | AG11: 2 | AH11: 0 | AI11: 3 | AJ11: 0 | AK11: 0 | AL11: 0 | AM11: 0 | AN11: 0 | AO11: 0 | AP11: 0 | AQ11: 0 | AR11: FALSE | AS11: FALSE | AT11: FALSE | AU11: TRUE | AV11: FALSE | AW11: FALSE | AX11: FALSE | AY11: FALSE | AZ11: FALSE | BA11: FALSE | BB11: FALSE | BC11: FALSE | BD11: FALSE | BE11: TRUE
A12: 275 | B12: TTE-FR | C12: TOTALENERGIES | E12: FR0000120271 | F12: XPAR | G12: 2206585543 | H12: 55.97 | I12: EUR | J12: 2.3762657e+08 | K12: 1.8371428e+08 | N12: 2.1268388e+08 | O12: 18.864147 | P12: 18.458822 | Q12: 1.9268064e+08 | R12: 22.570004 | S12: 2.0409281e+08 | T12: 2.3806623e+08 | U12: 22-Dec-25 | V12: TTEF.PA | W12: 1 | X12: 54.5 | Y12: 55.97 | Z12: 0.9 | AA12: 1.1115233e+11 | AB12: =_xlfn.XLOOKUP(E12,[2]generation_steps!$C$2:$C$5101,[2]generation_steps!$G$2:$G$5101) -> 1.1115233e+11 | AC12: 24.461063 | AD12: 0 | AE12: 0 | AF12: 24.461063 | AG12: 3 | AH12: 1 | AI12: 0 | AJ12: 0 | AK12: SE1 | AL12: 0 | AM12: 0 | AN12: 0 | AO12: 0 | AP12: 0 | AQ12: 1 | AR12: FALSE | AS12: FALSE | AT12: FALSE | AU12: FALSE | AV12: FALSE | AW12: FALSE | AX12: FALSE | AY12: FALSE | AZ12: FALSE | BA12: FALSE | BB12: FALSE | BC12: FALSE | BD12: FALSE | BE12: FALSE
A13: 150 | B13: IBE-ES | C13: IBERDROLA | E13: ES0144580Y14 | F13: XMAD | G13: 6681227500 | H13: 17.935 | I13: EUR | J13: 1.550091e+08 | K13: 1.3705291e+08 | N13: 1.4579592e+08 | O13: 14.332403 | P13: 14.399873 | Q13: 1.4353444e+08 | R13: 17.798939 | S13: 1.3876985e+08 | T13: 1.6181232e+08 | U13: 22-Dec-25 | V13: IBE.MC | W13: 1 | X13: 17.975 | Y13: 17.935 | Z13: 0.9 | AA13: 1.0784503e+11 | AB13: =_xlfn.XLOOKUP(E13,[2]generation_steps!$C$2:$C$5101,[2]generation_steps!$G$2:$G$5101) -> 1.0784503e+11 | AC13: 20.991966 | AD13: 0 | AE13: 0 | AF13: 20.991966 | AG13: 2 | AH13: 0 | AI13: 0 | AJ13: 0 | AK13: 0 | AL13: 0 | AM13: 0 | AN13: 0 | AO13: 0 | AP13: 0 | AQ13: 0 | AR13: FALSE | AS13: FALSE | AT13: FALSE | AU13: FALSE | AV13: FALSE | AW13: FALSE | AX13: FALSE | AY13: FALSE | AZ13: FALSE | BA13: FALSE | BB13: FALSE | BC13: FALSE | BD13: FALSE | BE13: FALSE
A14: 57 | B14: BBVA-ES | C14: BBVA | E14: ES0113211835 | F14: XMAD | G14: 5763285600 | H14: 17.705 | I14: EUR | J14: 1.3566252e+08 | K14: 3.6713379e+08 | N14: 1.4393072e+08 | O14: 27.777552 | P14: 28.950481 | Q14: 1.5470505e+08 | R14: 31.000454 | S14: 1.7807689e+08 | T14: 2.0687009e+08 | U14: 22-Dec-25 | V14: BBVA.MC | W14: 1 | X14: 19.305 | Y14: 17.705 | Z14: 1 | AA14: 102038971548 | AB14: =_xlfn.XLOOKUP(E14,[2]generation_steps!$C$2:$C$5101,[2]generation_steps!$G$2:$G$5101) -> 102038971548 | AC14: 9.56425 | AD14: 0 | AE14: 0 | AF14: 9.56425 | AG14: 2 | AH14: 0 | AI14: 0 | AJ14: 0 | AK14: 0 | AL14: 0 | AM14: 0 | AN14: 0 | AO14: 0 | AP14: 0 | AQ14: 0 | AR14: FALSE | AS14: FALSE | AT14: FALSE | AU14: FALSE | AV14: FALSE | AW14: FALSE | AX14: FALSE | AY14: FALSE | AZ14: FALSE | BA14: FALSE | BB14: FALSE | BC14: FALSE | BD14: FALSE | BE14: FALSE
A15: 239 | B15: SAN-FR | C15: SANOFI | E15: FR0000120578 | F15: XPAR | G15: 1227468973 | H15: 86.32 | I15: EUR | J15: 1.7813017e+08 | K15: 1.4714786e+08 | N15: 1.6111507e+08 | O15: 27.717335 | P15: 28.988537 | Q15: 1.556939e+08 | R15: 28.241545 | S15: 1.6255782e+08 | T15: 1.8952858e+08 | U15: 22-Dec-25 | V15: SASY.PA | W15: 1 | X15: 80.94 | Y15: 86.32 | Z15: 0.95 | AA15: 1.0065737e+11 | AB15: =_xlfn.XLOOKUP(E15,[2]generation_steps!$C$2:$C$5101,[2]generation_steps!$G$2:$G$5101) -> 1.0065737e+11 | AC15: 13.170217 | AD15: 0 | AE15: 0 | AF15: 13.170217 | AG15: 3 | AH15: 0 | AI15: 0 | AJ15: 0 | AK15: 0 | AL15: 0 | AM15: 0 | AN15: 0 | AO15: 0 | AP15: 0 | AQ15: 0 | AR15: FALSE | AS15: FALSE | AT15: FALSE | AU15: FALSE | AV15: FALSE | AW15: FALSE | AX15: FALSE | AY15: FALSE | AZ15: FALSE | BA15: FALSE | BB15: FALSE | BC15: FALSE | BD15: FALSE | BE15: FALSE
A16: 112 | B16: EL-FR | C16: ESSILORLUXOTTICA | E16: FR0000121667 | F16: XPAR | G16: 463145529 | H16: 306 | I16: EUR | J16: 1.3693304e+08 | K16: 1.1182662e+08 | N16: 1.1914464e+08 | O16: 28.494783 | P16: 30.682514 | Q16: 1.0759697e+08 | R16: 30.26312 | S16: 1.1001145e+08 | T16: 1.2824073e+08 | U16: 22-Dec-25 | V16: ESLX.PA | W16: 1 | X16: 278.2 | Y16: 306 | Z16: 0.7 | AA16: 9.9205772e+10 | AB16: =_xlfn.XLOOKUP(E16,[2]generation_steps!$C$2:$C$5101,[2]generation_steps!$G$2:$G$5101) -> 9.9205772e+10 | AC16: 12.911463 | AD16: 0 | AE16: 0 | AF16: 12.911463 | AG16: 2 | AH16: 0 | AI16: 0 | AJ16: 0 | AK16: 0 | AL16: 0 | AM16: 0 | AN16: 0 | AO16: 0 | AP16: 0 | AQ16: 0 | AR16: FALSE | AS16: FALSE | AT16: FALSE | AU16: FALSE | AV16: FALSE | AW16: FALSE | AX16: FALSE | AY16: FALSE | AZ16: FALSE | BA16: FALSE | BB16: FALSE | BC16: FALSE | BD16: FALSE | BE16: FALSE
A17: 282 | B17: UCG-IT | C17: UNICREDIT | E17: IT0005239360 | F17: MTAA | G17: 1557675176 | H17: 62.85 | I17: EUR | J17: 3.5910484e+08 | K17: 3.333183e+08 | N17: 3.1436746e+08 | O17: 26.839243 | P17: 26.80322 | Q17: 3.2010403e+08 | R17: 33.4783 | S17: 3.2023355e+08 | T17: 3.7337577e+08 | U17: 22-Dec-25 | V17: CRDI.MI | W17: 1 | X17: 69.5 | Y17: 62.85 | Z17: 1 | AA17: 9.7899885e+10 | AB17: =_xlfn.XLOOKUP(E17,[2]generation_steps!$C$2:$C$5101,[2]generation_steps!$G$2:$G$5101) -> 9.7899885e+10 | AC17: 10.553088 | AD17: 0 | AE17: 0 | AF17: 10.553088 | AG17: 2 | AH17: 0 | AI17: 0 | AJ17: 0 | AK17: 0 | AL17: 0 | AM17: 0 | AN17: 0 | AO17: 0 | AP17: 0 | AQ17: 0 | AR17: FALSE | AS17: FALSE | AT17: FALSE | AU17: FALSE | AV17: FALSE | AW17: FALSE | AX17: FALSE | AY17: FALSE | AZ17: FALSE | BA17: FALSE | BB17: FALSE | BC17: FALSE | BD17: FALSE | BE17: FALSE
A18: 20 | B18: AI-FR | C18: AIR LIQUIDE | E18: FR0000120073 | F18: XPAR | G18: 578534275 | H18: 165.94 | I18: EUR | J18: 1.1950551e+08 | K18: 92896515 | N18: 1.0300352e+08 | O18: 14.12708 | P18: 14.407667 | Q18: 96960052 | R18: 18.233885 | S18: 98286987 | T18: 1.1455434e+08 | U18: 22-Dec-25 | V18: AIRP.PA | W18: 1 | X18: 159.4 | Y18: 165.94 | Z18: 1 | AA18: 9.6001978e+10 | AB18: =_xlfn.XLOOKUP(E18,[2]generation_steps!$C$2:$C$5101,[2]generation_steps!$G$2:$G$5101) -> 9.6001978e+10 | AC18: 13.379856 | AD18: 0 | AE18: 0 | AF18: 13.379856 | AG18: 2 | AH18: 1 | AI18: 0 | AJ18: 0 | AK18: 0 | AL18: 0 | AM18: 0 | AN18: 0 | AO18: 0 | AP18: 0 | AQ18: 0 | AR18: FALSE | AS18: FALSE | AT18: FALSE | AU18: FALSE | AV18: FALSE | AW18: FALSE | AX18: FALSE | AY18: FALSE | AZ18: FALSE | BA18: FALSE | BB18: FALSE | BC18: FALSE | BD18: FALSE | BE18: FALSE
A19: 95 | B19: DTE-DE | C19: DEUTSCHE TELEKOM AG | E19: DE0005557508 | F19: XETR | G19: 4905190400 | H19: 27.62 | I19: EUR | J19: 2.1313939e+08 | K19: 1.7461593e+08 | N19: 1.7785968e+08 | O19: 20.588774 | P19: 20.002012 | Q19: 1.6875682e+08 | R19: 22.332178 | S19: 1.6757909e+08 | T19: 1.9533953e+08 | U19: 22-Dec-25 | V19: DTEGn.DE | W19: 1 | X19: 26.74 | Y19: 27.62 | Z19: 0.7 | AA19: 9.4836951e+10 | AB19: =_xlfn.XLOOKUP(E19,[2]generation_steps!$C$2:$C$5101,[2]generation_steps!$G$2:$G$5101) -> 9.4836951e+10 | AC19: 16.2697 | AD19: 0 | AE19: 0 | AF19: 16.2697 | AG19: 2 | AH19: 0 | AI19: 0 | AJ19: 0 | AK19: 0 | AL19: 0 | AM19: 0 | AN19: 0 | AO19: 0 | AP19: 0 | AQ19: 0 | AR19: FALSE | AS19: FALSE | AT19: FALSE | AU19: FALSE | AV19: FALSE | AW19: FALSE | AX19: FALSE | AY19: FALSE | AZ19: FALSE | BA19: FALSE | BB19: FALSE | BC19: FALSE | BD19: FALSE | BE19: FALSE
A20: 235 | B20: SAF-FR | C20: SAFRAN | E20: FR0000073272 | F20: XPAR | G20: 423632587 | H20: 289.4 | I20: EUR | J20: 1.4936607e+08 | K20: 1.2216744e+08 | N20: 1.3311022e+08 | O20: 20.57878 | P20: 20.293333 | Q20: 1.3178493e+08 | R20: 28.38711 | S20: 1.3388797e+08 | T20: 1.5612065e+08 | U20: 22-Dec-25 | V20: SAF.PA | W20: 1 | X20: 293.7 | Y20: 289.4 | Z20: 0.75 | AA20: 9.1949453e+10 | AB20: =_xlfn.XLOOKUP(E20,[2]generation_steps!$C$2:$C$5101,[2]generation_steps!$G$2:$G$5101) -> 9.1949453e+10 | AC20: 27.085362 | AD20: 0 | AE20: CW1 | AF20: 27.085362 | AG20: 2 | AH20: 0 | AI20: 3 | AJ20: 0 | AK20: 0 | AL20: 0 | AM20: 0 | AN20: 0 | AO20: 0 | AP20: 0 | AQ20: 0 | AR20: FALSE | AS20: FALSE | AT20: FALSE | AU20: TRUE | AV20: FALSE | AW20: FALSE | AX20: FALSE | AY20: FALSE | AZ20: FALSE | BA20: FALSE | BB20: FALSE | BC20: FALSE | BD20: FALSE | BE20: TRUE
A21: 180 | B21: OR-FR | C21: L'OREAL | E21: FR0000120321 | F21: XPAR | G21: 533783024 | H21: 361.5 | I21: EUR | J21: 1.3997562e+08 | K21: 1.0567946e+08 | N21: 1.1566859e+08 | O21: 23.4039 | P21: 23.904568 | Q21: 1.1234032e+08 | R21: 25.882713 | S21: 1.2014462e+08 | T21: 1.4013649e+08 | U21: 22-Dec-25 | V21: OREP.PA | W21: 1 | X21: 373.7 | Y21: 361.5 | Z21: 0.45 | AA21: 8.6833153e+10 | AB21: =_xlfn.XLOOKUP(E21,[2]generation_steps!$C$2:$C$5101,[2]generation_steps!$G$2:$G$5101) -> 8.6833153e+10 | AC21: 16.898519 | AD21: 0 | AE21: 0 | AF21: 16.898519 | AG21: 3 | AH21: 0 | AI21: 0 | AJ21: 0 | AK21: 0 | AL21: 0 | AM21: 0 | AN21: 0 | AO21: 0 | AP21: 0 | AQ21: 0 | AR21: FALSE | AS21: FALSE | AT21: FALSE | AU21: FALSE | AV21: FALSE | AW21: FALSE | AX21: FALSE | AY21: FALSE | AZ21: FALSE | BA21: FALSE | BB21: FALSE | BC21: FALSE | BD21: FALSE | BE21: FALSE
A22: 158 | B22: ISP-IT | C22: INTESA SANPAOLO | E22: IT0000072618 | F22: MTAA | G22: 17413389613 | H22: 5.619 | I22: EUR | J22: 2.9376709e+08 | K22: 3.2506638e+08 | N22: 2.681535e+08 | O22: 23.324429 | P22: 24.010738 | Q22: 2.6892967e+08 | R22: 28.28163 | S22: 2.8286848e+08 | T22: 3.2952365e+08 | U22: 22-Dec-25 | V22: ISP.MI | W22: 1 | X22: 5.783 | Y22: 5.619 | Z22: 0.8 | AA22: 7.8276669e+10 | AB22: =_xlfn.XLOOKUP(E22,[2]generation_steps!$C$2:$C$5101,[2]generation_steps!$G$2:$G$5101) -> 7.8276669e+10 | AC22: 8.09 | AD22: 0 | AE22: 0 | AF22: 8.09 | AG22: 2 | AH22: 0 | AI22: 0 | AJ22: 0 | AK22: 0 | AL22: 0 | AM22: 0 | AN22: 0 | AO22: 0 | AP22: 0 | AQ22: 0 | AR22: FALSE | AS22: FALSE | AT22: FALSE | AU22: FALSE | AV22: FALSE | AW22: FALSE | AX22: FALSE | AY22: FALSE | AZ22: FALSE | BA22: FALSE | BB22: FALSE | BC22: FALSE | BD22: FALSE | BE22: FALSE
A23: 251 | B23: ENR-DE | C23: SIEMENS ENERGY AG | E23: DE000ENER6Y0 | F23: XETR | G23: 861104900 | H23: 100.8 | I23: EUR | J23: 2.1203614e+08 | K23: 2.7269078e+08 | N23: 2.1026295e+08 | O23: 45.854774 | P23: 48.048843 | Q23: 2.1357798e+08 | R23: 48.263447 | S23: 2.325269e+08 | T23: 2.7106739e+08 | U23: 22-Dec-25 | V23: ENR1n.DE | W23: 1 | X23: 119.4 | Y23: 100.8 | Z23: 0.9 | AA23: 78119436528 | AB23: =_xlfn.XLOOKUP(E23,[2]generation_steps!$C$2:$C$5101,[2]generation_steps!$G$2:$G$5101) -> 78119436528 | AC23: 12.408012 | AD23: 0 | AE23: 0 | AF23: 12.408012 | AG23: 2 | AH23: 0 | AI23: 1 | AJ23: 0 | AK23: 0 | AL23: 0 | AM23: 0 | AN23: 0 | AO23: 0 | AP23: 0 | AQ23: 0 | AR23: FALSE | AS23: FALSE | AT23: FALSE | AU23: TRUE | AV23: FALSE | AW23: FALSE | AX23: FALSE | AY23: FALSE | AZ23: FALSE | BA23: FALSE | BB23: FALSE | BC23: FALSE | BD23: FALSE | BE23: TRUE
A24: 64 | B24: BNP-FR | C24: BNP PARIBAS ACT.A | E24: FR0000131104 | F24: XPAR | G24: 1116784757 | H24: 70.47 | I24: EUR | J24: 2.1291789e+08 | K24: 1.9340635e+08 | N24: 1.9621499e+08 | O24: 26.853807 | P24: 27.375444 | Q24: 1.929767e+08 | R24: 30.01338 | S24: 2.0862623e+08 | T24: 2.4301411e+08 | U24: 22-Dec-25 | V24: BNPP.PA | W24: 1 | X24: 78.86 | Y24: 70.47 | Z24: 0.95 | AA24: 7.4764831e+10 | AB24: =_xlfn.XLOOKUP(E24,[2]generation_steps!$C$2:$C$5101,[2]generation_steps!$G$2:$G$5101) -> 7.4764831e+10 | AC24: 12.271731 | AD24: 0 | AE24: 0 | AF24: 12.271731 | AG24: 2 | AH24: 0 | AI24: 0 | AJ24: 0 | AK24: 0 | AL24: 0 | AM24: 0 | AN24: 0 | AO24: 0 | AP24: 0 | AQ24: 0 | AR24: FALSE | AS24: FALSE | AT24: FALSE | AU24: FALSE | AV24: FALSE | AW24: FALSE | AX24: FALSE | AY24: FALSE | AZ24: FALSE | BA24: FALSE | BB24: FALSE | BC24: FALSE | BD24: FALSE | BE24: FALSE
A25: 231 | B25: RHM-DE | C25: RHEINMETALL | E25: DE0007030009 | F25: XETR | G25: 46002533 | H25: 1519.5 | I25: EUR | J25: 4.4110922e+08 | K25: 4.2864762e+08 | N25: 4.5048679e+08 | O25: 42.57974 | P25: 39.89137 | Q25: 4.0696993e+08 | R25: 47.26752 | S25: 3.9579995e+08 | T25: 4.6155088e+08 | U25: 22-Dec-25 | V25: RHMG.DE | W25: 1 | X25: 1502 | Y25: 1519.5 | Z25: 1 | AA25: 6.9900849e+10 | AB25: =_xlfn.XLOOKUP(E25,[2]generation_steps!$C$2:$C$5101,[2]generation_steps!$G$2:$G$5101) -> 6.9900849e+10 | AC25: 26.50728 | AD25: 0 | AE25: 0 | AF25: 26.50728 | AG25: 2 | AH25: 0 | AI25: 5 | AJ25: 0 | AK25: 0 | AL25: 0 | AM25: 0 | AN25: 0 | AO25: 0 | AP25: 0 | AQ25: 0 | AR25: FALSE | AS25: FALSE | AT25: FALSE | AU25: TRUE | AV25: FALSE | AW25: FALSE | AX25: FALSE | AY25: FALSE | AZ25: FALSE | BA25: FALSE | BB25: FALSE | BC25: FALSE | BD25: FALSE | BE25: TRUE
A26: 196 | B26: MUV2-DE | C26: MUNICH RE | E26: DE0008430026 | F26: XETR | G26: 130645070 | H26: 532.4 | I26: EUR | J26: 1.426145e+08 | K26: 1.2494389e+08 | N26: 1.3028414e+08 | O26: 21.03891 | P26: 21.719397 | Q26: 1.250673e+08 | R26: 25.573225 | S26: 1.2641745e+08 | T26: 1.4746131e+08 | U26: 22-Dec-25 | V26: MUVGn.DE | W26: 1 | X26: 557.8 | Y26: 532.4 | Z26: 1 | AA26: 69555435268 | AB26: =_xlfn.XLOOKUP(E26,[2]generation_steps!$C$2:$C$5101,[2]generation_steps!$G$2:$G$5101) -> 69555435268 | AC26: 11.755625 | AD26: 0 | AE26: 0 | AF26: 11.755625 | AG26: 2 | AH26: 0 | AI26: 0 | AJ26: 0 | AK26: 0 | AL26: 0 | AM26: 0 | AN26: 0 | AO26: 0 | AP26: 0 | AQ26: 0 | AR26: FALSE | AS26: FALSE | AT26: FALSE | AU26: FALSE | AV26: FALSE | AW26: FALSE | AX26: FALSE | AY26: FALSE | AZ26: FALSE | BA26: FALSE | BB26: FALSE | BC26: FALSE | BD26: FALSE | BE26: FALSE
A27: 41 | B27: CS-FR | C27: AXA | E27: FR0000120628 | F27: XPAR | G27: 2123594281 | H27: 38.14 | I27: EUR | J27: 1.5993902e+08 | K27: 1.6239349e+08 | N27: 1.5156317e+08 | O27: 20.694818 | P27: 21.842218 | Q27: 1.4429684e+08 | R27: 23.645367 | S27: 1.5184721e+08 | T27: 1.7691325e+08 | U27: 22-Dec-25 | V27: AXAF.PA | W27: 1 | X27: 40.55 | Y27: 38.14 | Z27: 0.85 | AA27: 6.8844803e+10 | AB27: =_xlfn.XLOOKUP(E27,[2]generation_steps!$C$2:$C$5101,[2]generation_steps!$G$2:$G$5101) -> 6.8844803e+10 | AC27: 13.927437 | AD27: 0 | AE27: 0 | AF27: 13.927437 | AG27: 2 | AH27: 0 | AI27: 0 | AJ27: 0 | AK27: 0 | AL27: 0 | AM27: 0 | AN27: 0 | AO27: 0 | AP27: 0 | AQ27: 0 | AR27: FALSE | AS27: FALSE | AT27: FALSE | AU27: FALSE | AV27: FALSE | AW27: FALSE | AX27: FALSE | AY27: FALSE | AZ27: FALSE | BA27: FALSE | BB27: FALSE | BC27: FALSE | BD27: FALSE | BE27: FALSE
A28: 216 | B28: PRX-NL | C28: PROSUS | E28: NL0013654783 | F28: XAMS | G28: 2378947836 | H28: 56.62 | I28: EUR | J28: 1.3151167e+08 | K28: 1.0717715e+08 | N28: 1.1586734e+08 | O28: 23.927814 | P28: 24.204714 | Q28: 1.1149269e+08 | R28: 29.40259 | S28: 1.1923424e+08 | T28: 1.390663e+08 | U28: 22-Dec-25 | V28: PRX.AS | W28: 1 | X28: 52.46 | Y28: 56.62 | Z28: 0.5 | AA28: 6.7348013e+10 | AB28: =_xlfn.XLOOKUP(E28,[2]generation_steps!$C$2:$C$5101,[2]generation_steps!$G$2:$G$5101) -> 6.7348013e+10 | AC28: 14.346013 | AD28: 0 | AE28: 0 | AF28: 14.346013 | AG28: 2 | AH28: 0 | AI28: 0 | AJ28: 0 | AK28: 0 | AL28: 0 | AM28: 0 | AN28: 0 | AO28: 0 | AP28: 0 | AQ28: 1 | AR28: FALSE | AS28: FALSE | AT28: FALSE | AU28: FALSE | AV28: FALSE | AW28: FALSE | AX28: FALSE | AY28: FALSE | AZ28: FALSE | BA28: FALSE | BB28: FALSE | BC28: FALSE | BD28: FALSE | BE28: FALSE
A29: 225 | B29: REN-NL | C29: RELX | E29: GB00B2B0DG97 | F29: XAMS | G29: 1907070957 | H29: 35.28 | I29: EUR | J29: 35151618 | K29: 38042579 | N29: 29814886 | O29: 20.830658 | P29: 22.413506 | Q29: 31979317 | R29: 23.983385 | S29: 32638215 | T29: 38012065 | U29: 22-Dec-25 | V29: REL.AS | W29: 1 | X29: 34.66 | Y29: 35.28 | Z29: 1 | AA29: 6.7281463e+10 | AB29: =_xlfn.XLOOKUP(E29,[2]generation_steps!$C$2:$C$5101,[2]generation_steps!$G$2:$G$5101) -> 6.7281463e+10 | AC29: 8.1090937 | AD29: 0 | AE29: 0 | AF29: 8.1090937 | AG29: 2 | AH29: 0 | AI29: 0 | AJ29: 0 | AK29: 0 | AL29: 0 | AM29: 0 | AN29: 0 | AO29: 0 | AP29: 0 | AQ29: 0 | AR29: FALSE | AS29: FALSE | AT29: FALSE | AU29: FALSE | AV29: FALSE | AW29: FALSE | AX29: FALSE | AY29: FALSE | AZ29: FALSE | BA29: FALSE | BB29: FALSE | BC29: FALSE | BD29: FALSE | BE29: FALSE
A30: 147 | B30: RMS-FR | C30: HERMES INTL | E30: FR0000052292 | F30: XPAR | G30: 105569412 | H30: 2124 | I30: EUR | J30: 1.4000874e+08 | K30: 99979652 | N30: 1.1949398e+08 | O30: 26.302942 | P30: 28.087807 | Q30: 1.1454013e+08 | R30: 27.303679 | S30: 1.135418e+08 | T30: 1.323341e+08 | U30: 22-Dec-25 | V30: HRMS.PA | W30: 1 | X30: 2159 | Y30: 2124 | Z30: 0.3 | AA30: 6.7268829e+10 | AB30: =_xlfn.XLOOKUP(E30,[2]generation_steps!$C$2:$C$5101,[2]generation_steps!$G$2:$G$5101) -> 6.7268829e+10 | AC30: 12.35406 | AD30: 0 | AE30: 0 | AF30: 12.35406 | AG30: 1 | AH30: 0 | AI30: 0 | AJ30: 0 | AK30: 0 | AL30: 0 | AM30: 0 | AN30: 0 | AO30: 0 | AP30: 0 | AQ30: 0 | AR30: FALSE | AS30: FALSE | AT30: FALSE | AU30: FALSE | AV30: FALSE | AW30: FALSE | AX30: FALSE | AY30: FALSE | AZ30: FALSE | BA30: FALSE | BB30: FALSE | BC30: FALSE | BD30: FALSE | BE30: FALSE
A31: 108 | B31: ENEL-IT | C31: ENEL | E31: IT0003128367 | F31: MTAA | G31: 10166679946 | H31: 8.784 | I31: EUR | J31: 1.7847212e+08 | K31: 1.6654002e+08 | N31: 1.5151314e+08 | O31: 12.59181 | P31: 12.996296 | Q31: 1.4983224e+08 | R31: 17.718805 | S31: 1.4857509e+08 | T31: 1.7312563e+08 | U31: 22-Dec-25 | V31: ENEI.MI | W31: 1 | X31: 8.778 | Y31: 8.784 | Z31: 0.75 | AA31: 6.6978087e+10 | AB31: =_xlfn.XLOOKUP(E31,[2]generation_steps!$C$2:$C$5101,[2]generation_steps!$G$2:$G$5101) -> 6.6978087e+10 | AC31: 17.395155 | AD31: 0 | AE31: 0 | AF31: 17.395155 | AG31: 3 | AH31: 0 | AI31: 0 | AJ31: 0 | AK31: 0 | AL31: 0 | AM31: 0 | AN31: 0 | AO31: 1 | AP31: 0 | AQ31: 0 | AR31: FALSE | AS31: FALSE | AT31: FALSE | AU31: FALSE | AV31: FALSE | AW31: FALSE | AX31: FALSE | AY31: FALSE | AZ31: FALSE | BA31: FALSE | BB31: FALSE | BC31: FALSE | BD31: TRUE | BE31: TRUE
A32: 155 | B32: INGA-NL | C32: ING GROEP N.V. | E32: NL0011821202 | F32: XAMS | G32: 3021542868 | H32: 21.515 | I32: EUR | J32: 1.704086e+08 | K32: 1.5258667e+08 | N32: 1.5511498e+08 | O32: 20.634764 | P32: 21.073732 | Q32: 1.5321408e+08 | R32: 26.6299 | S32: 1.5944448e+08 | T32: 1.8587637e+08 | U32: 22-Dec-25 | V32: INGA.AS | W32: 1 | X32: 23.38 | Y32: 21.515 | Z32: 1 | AA32: 6.5008495e+10 | AB32: =_xlfn.XLOOKUP(E32,[2]generation_steps!$C$2:$C$5101,[2]generation_steps!$G$2:$G$5101) -> 6.5008495e+10 | AC32: 15.399255 | AD32: 0 | AE32: 0 | AF32: 15.399255 | AG32: 2 | AH32: 0 | AI32: 0 | AJ32: 0 | AK32: 0 | AL32: 0 | AM32: 0 | AN32: 0 | AO32: 0 | AP32: 0 | AQ32: 0 | AR32: FALSE | AS32: FALSE | AT32: FALSE | AU32: FALSE | AV32: FALSE | AW32: FALSE | AX32: FALSE | AY32: FALSE | AZ32: FALSE | BA32: FALSE | BB32: FALSE | BC32: FALSE | BD32: FALSE | BE32: FALSE
... A76: 78 | B76: CBK-DE | C76: COMMERZBANK AG | E76: DE000CBK1001 | F76: XETR | G76: 1127496200 | H76: 31.84 | I76: EUR | J76: 1.2432216e+08 | K76: 1.045764e+08 | N76: 1.2418052e+08 | O76: 37.40923 | P76: 38.50529 | Q76: 1.2756083e+08 | R76: 38.90331 | S76: 1.1818387e+08 | T76: 1.3786115e+08 | U76: 22-Dec-25 | V76: CBKG.DE | W76: 1 | X76: 34.52 | Y76: 31.84 | Z76: 0.6 | AA76: 2.1539687e+10 | AB76: =_xlfn.XLOOKUP(E76,[2]generation_steps!$C$2:$C$5101,[2]generation_steps!$G$2:$G$5101) -> 2.1539687e+10 | AC76: 16.601581 | AD76: 0 | AE76: 0 | AF76: 16.601581 | AG76: 2 | AH76: 0 | AI76: 0 | AJ76: 0 | AK76: 0 | AL76: 0 | AM76: 0 | AN76: 0 | AO76: 0 | AP76: 0 | AQ76: 0 | AR76: FALSE | AS76: FALSE | AT76: FALSE | AU76: FALSE | AV76: FALSE | AW76: FALSE | AX76: FALSE | AY76: FALSE | AZ76: FALSE | BA76: FALSE | BB76: FALSE | BC76: FALSE | BD76: FALSE | BE76: FALSE
A77: 272 | B77: HO-FR | C77: THALES | E77: FR0000121329 | F77: XPAR | G77: 205941913 | H77: 226.9 | I77: EUR | J77: 69087379 | K77: 55917789 | N77: 64935701 | O77: 29.593424 | P77: 28.835087 | Q77: 59951230 | R77: 32.04075 | S77: 62307305 | T77: 72690523 | U77: 22-Dec-25 | V77: TCFP.PA | W77: 1 | X77: 227.5 | Y77: 226.9 | Z77: 0.45 | AA77: 2.1027699e+10 | AB77: =_xlfn.XLOOKUP(E77,[2]generation_steps!$C$2:$C$5101,[2]generation_steps!$G$2:$G$5101) -> 2.1027699e+10 | AC77: 26.52162 | AD77: 0 | AE77: CW1 | AF77: 26.52162 | AG77: 2 | AH77: 0 | AI77: 5 | AJ77: 0 | AK77: 0 | AL77: 0 | AM77: 0 | AN77: 0 | AO77: 0 | AP77: 0 | AQ77: 0 | AR77: FALSE | AS77: FALSE | AT77: FALSE | AU77: TRUE | AV77: FALSE | AW77: FALSE | AX77: FALSE | AY77: FALSE | AZ77: FALSE | BA77: FALSE | BB77: FALSE | BC77: FALSE | BD77: FALSE | BE77: TRUE
A78: 143 | B78: HEIA-NL | C78: HEINEKEN | E78: NL0000009165 | F78: XAMS | G78: 576002613 | H78: 70.68 | I78: EUR | J78: 59610234 | K78: 46694338 | N78: 57381019 | O78: 21.789797 | P78: 20.817099 | Q78: 57580977 | R78: 21.569004 | S78: 55443953 | T78: 64625964 | U78: 22-Dec-25 | V78: HEIN.AS | W78: 1 | X78: 69.94 | Y78: 70.68 | Z78: 0.5 | AA78: 2.0355932e+10 | AB78: =_xlfn.XLOOKUP(E78,[2]generation_steps!$C$2:$C$5101,[2]generation_steps!$G$2:$G$5101) -> 2.0355932e+10 | AC78: 18.083595 | AD78: 0 | AE78: 0 | AF78: 18.083595 | AG78: 3 | AH78: 0 | AI78: 0 | AJ78: 0 | AK78: 0 | AL78: 0 | AM78: 0 | AN78: 0 | AO78: 0 | AP78: 0 | AQ78: 0 | AR78: FALSE | AS78: FALSE | AT78: FALSE | AU78: FALSE | AV78: FALSE | AW78: FALSE | AX78: FALSE | AY78: FALSE | AZ78: FALSE | BA78: FALSE | BB78: FALSE | BC78: FALSE | BD78: FALSE | BE78: FALSE
A79: 218 | B79: PUB-FR | C79: PUBLICIS GROUPE SA | E79: FR0000130577 | F79: XPAR | G79: 254311860 | H79: 84.1 | I79: EUR | J79: 53786232 | K79: 43991494 | N79: 52016745 | O79: 25.559088 | P79: 24.497368 | Q79: 50153993 | R79: 28.126394 | S79: 44678396 | T79: 52070196 | U79: 22-Dec-25 | V79: PUBP.PA | W79: 1 | X79: 88.5 | Y79: 84.1 | Z79: 0.95 | AA79: 2.0318246e+10 | AB79: =_xlfn.XLOOKUP(E79,[2]generation_steps!$C$2:$C$5101,[2]generation_steps!$G$2:$G$5101) -> 2.0318246e+10 | AC79: 9.1312857 | AD79: 0 | AE79: 0 | AF79: 9.1312857 | AG79: 2 | AH79: 0 | AI79: 0 | AJ79: 0 | AK79: 0 | AL79: 0 | AM79: 0 | AN79: 0 | AO79: 0 | AP79: 0 | AQ79: 1 | AR79: FALSE | AS79: FALSE | AT79: FALSE | AU79: FALSE | AV79: FALSE | AW79: FALSE | AX79: FALSE | AY79: FALSE | AZ79: FALSE | BA79: FALSE | BB79: FALSE | BC79: FALSE | BD79: FALSE | BE79: FALSE
A80: 129 | B80: FRE-DE | C80: FRESENIUS SE & CO | E80: DE0005785604 | F80: XETR | G80: 563237300 | H80: 46.94 | I80: EUR | J80: 37738159 | K80: 36352446 | N80: 33091482 | O80: 17.50419 | P80: 17.747108 | Q80: 33009553 | R80: 21.60242 | S80: 32629837 | T80: 38009453 | U80: 22-Dec-25 | V80: FREG.DE | W80: 1 | X80: 47.43 | Y80: 46.94 | Z80: 0.75 | AA80: 1.9828769e+10 | AB80: =_xlfn.XLOOKUP(E80,[2]generation_steps!$C$2:$C$5101,[2]generation_steps!$G$2:$G$5101) -> 1.9828769e+10 | AC80: 11.663549 | AD80: 0 | AE80: 0 | AF80: 11.663549 | AG80: 2 | AH80: 0 | AI80: 0 | AJ80: 0 | AK80: 0 | AL80: 0 | AM80: 0 | AN80: 0 | AO80: 0 | AP80: 0 | AQ80: 0 | AR80: FALSE | AS80: FALSE | AT80: FALSE | AU80: FALSE | AV80: FALSE | AW80: FALSE | AX80: FALSE | AY80: FALSE | AZ80: FALSE | BA80: FALSE | BB80: FALSE | BC80: FALSE | BD80: FALSE | BE80: FALSE
A81: 193 | B81: ML-FR | C81: MICHELIN | E81: FR001400AJ45 | F81: XPAR | G81: 710514537 | H81: 27.66 | I81: EUR | J81: 51737207 | K81: 59824735 | N81: 46849295 | O81: 22.235147 | P81: 23.342983 | Q81: 48230999 | R81: 24.702656 | S81: 53278727 | T81: 62021916 | U81: 22-Dec-25 | V81: MICP.PA | W81: 1 | X81: 28.35 | Y81: 27.66 | Z81: 1 | AA81: 1.9652832e+10 | AB81: =_xlfn.XLOOKUP(E81,[2]generation_steps!$C$2:$C$5101,[2]generation_steps!$G$2:$G$5101) -> 1.9652832e+10 | AC81: 14.33596 | AD81: 0 | AE81: 0 | AF81: 14.33596 | AG81: 2 | AH81: 0 | AI81: 0 | AJ81: 0 | AK81: 0 | AL81: 0 | AM81: 0 | AN81: 0 | AO81: 0 | AP81: 0 | AQ81: 0 | AR81: FALSE | AS81: FALSE | AT81: FALSE | AU81: FALSE | AV81: FALSE | AW81: FALSE | AX81: FALSE | AY81: FALSE | AZ81: FALSE | BA81: FALSE | BB81: FALSE | BC81: FALSE | BD81: FALSE | BE81: FALSE
A82: 293 | B82: VOW3-DE | C82: VOLKSWAGEN PREF | E82: DE0007664039 | F82: XETR | G82: 206205440 | H82: 94.72 | I82: EUR | J82: 1.0635887e+08 | K82: 77857254 | N82: 92138932 | O82: 26.58747 | P82: 27.139807 | Q82: 94898815 | R82: 28.323456 | S82: 89581759 | T82: 1.0450389e+08 | U82: 22-Dec-25 | V82: VOWG_p.DE | W82: 1 | X82: 106.7 | Y82: 94.72 | Z82: 1 | AA82: 1.9531779e+10 | AB82: =_xlfn.XLOOKUP(E82,[2]generation_steps!$C$2:$C$5101,[2]generation_steps!$G$2:$G$5101) -> 1.9531779e+10 | AC82: 23.645697 | AD82: 0 | AE82: 0 | AF82: 23.645697 | AG82: 3 | AH82: 0 | AI82: 1 | AJ82: 0 | AK82: 0 | AL82: 0 | AM82: 0 | AN82: 0 | AO82: 0 | AP82: 0 | AQ82: 0 | AR82: FALSE | AS82: FALSE | AT82: FALSE | AU82: TRUE | AV82: FALSE | AW82: FALSE | AX82: FALSE | AY82: FALSE | AZ82: FALSE | BA82: FALSE | BB82: FALSE | BC82: FALSE | BD82: FALSE | BE82: TRUE
A83: 74 | B83: CAP-FR | C83: CAPGEMINI | E83: FR0000125338 | F83: XPAR | G83: 171347471 | H83: 131.5 | I83: EUR | J83: 68618805 | K83: 50440522 | N83: 57786122 | O83: 29.167458 | P83: 30.90914 | Q83: 58167260 | R83: 31.147484 | S83: 54330509 | T83: 63352843 | U83: 22-Dec-25 | V83: CAPP.PA | W83: 1 | X83: 147.7 | Y83: 131.5 | Z83: 0.85 | AA83: 1.9152364e+10 | AB83: =_xlfn.XLOOKUP(E83,[2]generation_steps!$C$2:$C$5101,[2]generation_steps!$G$2:$G$5101) -> 1.9152364e+10 | AC83: 11.20086 | AD83: 0 | AE83: 0 | AF83: 11.20086 | AG83: 2 | AH83: 0 | AI83: 0 | AJ83: 0 | AK83: 0 | AL83: 0 | AM83: 0 | AN83: 0 | AO83: 0 | AP83: 0 | AQ83: 0 | AR83: FALSE | AS83: FALSE | AT83: FALSE | AU83: FALSE | AV83: FALSE | AW83: FALSE | AX83: FALSE | AY83: FALSE | AZ83: FALSE | BA83: FALSE | BB83: FALSE | BC83: FALSE | BD83: FALSE | BE83: FALSE
A84: 294 | B84: VNA-DE | C84: VONOVIA SE | E84: DE000A1ML7J1 | F84: XETR | G84: 847785030 | H84: 26.05 | I84: EUR | J84: 70900219 | K84: 64892532 | N84: 59305192 | O84: 19.689352 | P84: 19.257833 | Q84: 56007883 | R84: 24.525839 | S84: 54950207 | T84: 64013895 | U84: 22-Dec-25 | V84: VNAn.DE | W84: 1 | X84: 23.89 | Y84: 26.05 | Z84: 0.85 | AA84: 1.877208e+10 | AB84: =_xlfn.XLOOKUP(E84,[2]generation_steps!$C$2:$C$5101,[2]generation_steps!$G$2:$G$5101) -> 1.877208e+10 | AC84: 6.3557 | AD84: 0 | AE84: 0 | AF84: 6.3557 | AG84: 2 | AH84: 0 | AI84: 0 | AJ84: 0 | AK84: 0 | AL84: 0 | AM84: 0 | AN84: 0 | AO84: 0 | AP84: 0 | AQ84: 0 | AR84: FALSE | AS84: FALSE | AT84: FALSE | AU84: FALSE | AV84: FALSE | AW84: FALSE | AX84: FALSE | AY84: FALSE | AZ84: FALSE | BA84: FALSE | BB84: FALSE | BC84: FALSE | BD84: FALSE | BE84: FALSE
A85: 195 | B85: MTX-DE | C85: MTU AERO ENGINES AG | E85: DE000A0D9PT0 | F85: XETR | G85: 53824490 | H85: 348.6 | I85: EUR | J85: 47259077 | K85: 44143374 | N85: 44819135 | O85: 25.211674 | P85: 25.682968 | Q85: 43049157 | R85: 31.613241 | S85: 42760036 | T85: 49830169 | U85: 22-Dec-25 | V85: MTXGn.DE | W85: 1 | X85: 351.2 | Y85: 348.6 | Z85: 1 | AA85: 18763217214 | AB85: =_xlfn.XLOOKUP(E85,[2]generation_steps!$C$2:$C$5101,[2]generation_steps!$G$2:$G$5101) -> 18763217214 | AC85: 24.317205 | AD85: 0 | AE85: 0 | AF85: 24.317205 | AG85: 2 | AH85: 0 | AI85: 2 | AJ85: 0 | AK85: 0 | AL85: 0 | AM85: 0 | AN85: 0 | AO85: 0 | AP85: 0 | AQ85: 0 | AR85: FALSE | AS85: FALSE | AT85: FALSE | AU85: TRUE | AV85: FALSE | AW85: FALSE | AX85: FALSE | AY85: FALSE | AZ85: FALSE | BA85: FALSE | BB85: FALSE | BC85: FALSE | BD85: FALSE | BE85: TRUE
A86: 179 | B86: LDO-IT | C86: LEONARDO | E86: IT0003856405 | F86: MTAA | G86: 578150395 | H86: 46.04 | I86: EUR | J86: 1.5806246e+08 | K86: 1.5480818e+08 | N86: 1.5757024e+08 | O86: 40.725815 | P86: 41.131775 | Q86: 1.5262216e+08 | R86: 44.153633 | S86: 1.5093171e+08 | T86: 1.7597766e+08 | U86: 22-Dec-25 | V86: LDOF.MI | W86: 1 | X86: 46.27 | Y86: 46.04 | Z86: 0.7 | AA86: 1.8632631e+10 | AB86: =_xlfn.XLOOKUP(E86,[2]generation_steps!$C$2:$C$5101,[2]generation_steps!$G$2:$G$5101) -> 1.8632631e+10 | AC86: 22.308119 | AD86: 0 | AE86: CW1 | AF86: 22.308119 | AG86: 2 | AH86: 0 | AI86: 5 | AJ86: 0 | AK86: 0 | AL86: 0 | AM86: 0 | AN86: 0 | AO86: 0 | AP86: 0 | AQ86: 0 | AR86: FALSE | AS86: FALSE | AT86: FALSE | AU86: TRUE | AV86: FALSE | AW86: FALSE | AX86: FALSE | AY86: FALSE | AZ86: FALSE | BA86: FALSE | BB86: FALSE | BC86: FALSE | BD86: FALSE | BE86: TRUE
A87: 211 | B87: PHIA-NL | C87: PHILIPS KON | E87: NL0000009538 | F87: XAMS | G87: 962920132 | H87: 23.49 | I87: EUR | J87: 39174318 | K87: 32619393 | N87: 34216114 | O87: 26.182175 | P87: 26.881195 | Q87: 32729479 | R87: 27.408554 | S87: 32230026 | T87: 37563228 | U87: 22-Dec-25 | V87: PHG.AS | W87: 1 | X87: 22.55 | Y87: 23.49 | Z87: 0.8 | AA87: 1.8095195e+10 | AB87: =_xlfn.XLOOKUP(E87,[2]generation_steps!$C$2:$C$5101,[2]generation_steps!$G$2:$G$5101) -> 1.8095195e+10 | AC87: 20.291538 | AD87: 0 | AE87: 0 | AF87: 20.291538 | AG87: 4 | AH87: 0 | AI87: 0 | AJ87: 0 | AK87: 0 | AL87: 0 | AM87: 0 | AN87: 0 | AO87: 0 | AP87: 0 | AQ87: 0 | AR87: TRUE | AS87: FALSE | AT87: FALSE | AU87: FALSE | AV87: FALSE | AW87: FALSE | AX87: FALSE | AY87: FALSE | AZ87: FALSE | BA87: FALSE | BB87: FALSE | BC87: FALSE | BD87: FALSE | BE87: TRUE
A88: 289 | B88: VIE-FR | C88: VEOLIA ENVIRON. | E88: FR0000124141 | F88: XPAR | G88: 741723437 | H88: 28.5 | I88: EUR | J88: 58896826 | K88: 46180185 | N88: 50096507 | O88: 16.383663 | P88: 17.2179 | Q88: 46294506 | R88: 21.44654 | S88: 46730858 | T88: 54455935 | U88: 22-Dec-25 | V88: VIE.PA | W88: 1 | X88: 29.52 | Y88: 28.5 | Z88: 0.85 | AA88: 1.796825e+10 | AB88: =_xlfn.XLOOKUP(E88,[2]generation_steps!$C$2:$C$5101,[2]generation_steps!$G$2:$G$5101) -> 1.796825e+10 | AC88: 21.55928 | AD88: 0 | AE88: 0 | AF88: 21.55928 | AG88: 2 | AH88: 0 | AI88: 0 | AJ88: 0 | AK88: 0 | AL88: 0 | AM88: 0 | AN88: 0 | AO88: 1 | AP88: 0 | AQ88: 0 | AR88: FALSE | AS88: FALSE | AT88: FALSE | AU88: FALSE | AV88: FALSE | AW88: FALSE | AX88: FALSE | AY88: FALSE | AZ88: FALSE | BA88: FALSE | BB88: FALSE | BC88: FALSE | BD88: TRUE | BE88: TRUE
A89: 19 | B89: A5G-IE | C89: AIB GROUP PLC | E89: IE00BF0L3536 | F89: XMSM | G89: 2136766718 | H89: 8.385 | I89: EUR | J89: 34265749 | K89: 33623690 | N89: 31078318 | O89: 25.314684 | P89: 25.073444 | Q89: 30250355 | R89: 32.461468 | S89: 33113797 | T89: 38604766 | U89: 22-Dec-25 | V89: AIBG.I | W89: 1 | X89: 9.03 | Y89: 8.385 | Z89: 1 | AA89: 1.7916789e+10 | AB89: =_xlfn.XLOOKUP(E89,[2]generation_steps!$C$2:$C$5101,[2]generation_steps!$G$2:$G$5101) -> 1.7916789e+10 | AC89: 13.174386 | AD89: 0 | AE89: 0 | AF89: 13.174386 | AG89: 2 | AH89: 0 | AI89: 0 | AJ89: 0 | AK89: 0 | AL89: 0 | AM89: 0 | AN89: 0 | AO89: 0 | AP89: 0 | AQ89: 0 | AR89: FALSE | AS89: FALSE | AT89: FALSE | AU89: FALSE | AV89: FALSE | AW89: FALSE | AX89: FALSE | AY89: FALSE | AZ89: FALSE | BA89: FALSE | BB89: FALSE | BC89: FALSE | BD89: FALSE | BE89: FALSE
A90: 229 | B90: REP-ES | C90: REPSOL | E90: ES0173516115 | F90: XMAD | G90: 1128372300 | H90: 15.7 | I90: EUR | J90: 61525438 | K90: 58728986 | N90: 63147040 | O90: 21.56421 | P90: 21.742212 | Q90: 58111881 | R90: 25.062836 | S90: 56722037 | T90: 66115113 | U90: 22-Dec-25 | V90: REP.MC | W90: 1 | X90: 15.335 | Y90: 15.7 | Z90: 1 | AA90: 17715445110 | AB90: =_xlfn.XLOOKUP(E90,[2]generation_steps!$C$2:$C$5101,[2]generation_steps!$G$2:$G$5101) -> 17715445110 | AC90: 28.673591 | AD90: 0 | AE90: 0 | AF90: 28.673591 | AG90: 3 | AH90: 0 | AI90: 0 | AJ90: 0 | AK90: SE1 | AL90: 0 | AM90: 0 | AN90: 0 | AO90: 0 | AP90: 0 | AQ90: 1 | AR90: FALSE | AS90: FALSE | AT90: FALSE | AU90: FALSE | AV90: FALSE | AW90: FALSE | AX90: FALSE | AY90: FALSE | AZ90: FALSE | BA90: FALSE | BB90: FALSE | BC90: FALSE | BD90: FALSE | BE90: FALSE
A91: 16 | B91: AENA-ES | C91: AENA SME | E91: ES0105046017 | F91: XMAD | G91: 1500000000 | H91: 23.12 | I91: EUR | J91: 39706025 | K91: 28281240 | N91: 37325011 | O91: 20.283371 | P91: 21.414873 | Q91: 29919751 | R91: 21.801853 | S91: 32059232 | T91: 37403210 | U91: 22-Dec-25 | V91: AENA.MC | W91: 1 | X91: 23.47 | Y91: 23.12 | Z91: 0.5 | AA91: 17340000000 | AB91: =_xlfn.XLOOKUP(E91,[2]generation_steps!$C$2:$C$5101,[2]generation_steps!$G$2:$G$5101) -> 17340000000 | AC91: 12.548419 | AD91: 0 | AE91: 0 | AF91: 12.548419 | AG91: 2 | AH91: 0 | AI91: 0 | AJ91: 0 | AK91: 0 | AL91: 0 | AM91: 0 | AN91: 0 | AO91: 0 | AP91: 0 | AQ91: 0 | AR91: FALSE | AS91: FALSE | AT91: FALSE | AU91: FALSE | AV91: FALSE | AW91: FALSE | AX91: FALSE | AY91: FALSE | AZ91: FALSE | BA91: FALSE | BB91: FALSE | BC91: FALSE | BD91: FALSE | BE91: FALSE
A92: 259 | B92: STLAM-IT | C92: STELLANTIS NV | E92: NL00150001Q9 | F92: MTAA | G92: 2896073567 | H92: 8.453 | I92: EUR | J92: 2.1982176e+08 | K92: 1.7851377e+08 | N92: 2.139674e+08 | O92: 46.30419 | P92: 48.16146 | Q92: 2.2128115e+08 | R92: 47.984062 | S92: 2.3461716e+08 | T92: 2.7355378e+08 | U92: 22-Dec-25 | V92: STLAM.MI | W92: 1 | X92: 10.11 | Y92: 8.453 | Z92: 0.7 | AA92: 1.7136357e+10 | AB92: =_xlfn.XLOOKUP(E92,[2]generation_steps!$C$2:$C$5101,[2]generation_steps!$G$2:$G$5101) -> 1.7136357e+10 | AC92: 21.399206 | AD92: 0 | AE92: 0 | AF92: 21.399206 | AG92: 3 | AH92: 0 | AI92: 0 | AJ92: 0 | AK92: 0 | AL92: 0 | AM92: 0 | AN92: 0 | AO92: 0 | AP92: 0 | AQ92: 0 | AR92: FALSE | AS92: FALSE | AT92: FALSE | AU92: FALSE | AV92: FALSE | AW92: FALSE | AX92: FALSE | AY92: FALSE | AZ92: FALSE | BA92: FALSE | BB92: FALSE | BC92: FALSE | BD92: FALSE | BE92: FALSE
A93: 48 | B93: BMPS-IT | C93: BANCA MPS | E93: IT0005508921 | F93: MTAA | G93: 3038418183 | H93: 8.413 | I93: EUR | J93: 1.5487769e+08 | K93: 2.7979888e+08 | N93: 1.7611211e+08 | O93: 30.940844 | P93: 30.540947 | Q93: 2.0218407e+08 | R93: 37.46132 | S93: 2.4586253e+08 | T93: 2.8692151e+08 | U93: 22-Dec-25 | V93: BMPS.MI | W93: 1 | X93: 8.448 | Y93: 8.413 | Z93: 0.65 | AA93: 1.6615438e+10 | AB93: =_xlfn.XLOOKUP(E93,[2]generation_steps!$C$2:$C$5101,[2]generation_steps!$G$2:$G$5101) -> 1.6615438e+10 | AC93: 18.007362 | AD93: 0 | AE93: 0 | AF93: 18.007362 | AG93: 2 | AH93: 0 | AI93: 0 | AJ93: 0 | AK93: 0 | AL93: 0 | AM93: 0 | AN93: 0 | AO93: 0 | AP93: 0 | AQ93: 0 | AR93: FALSE | AS93: FALSE | AT93: FALSE | AU93: FALSE | AV93: FALSE | AW93: FALSE | AX93: FALSE | AY93: FALSE | AZ93: FALSE | BA93: FALSE | BB93: FALSE | BC93: FALSE | BD93: FALSE | BE93: FALSE
A94: 210 | B94: RI-FR | C94: PERNOD RICARD | E94: FR0000120693 | F94: XPAR | G94: 252269195 | H94: 81.22 | I94: EUR | J94: 58477165 | K94: 45299529 | N94: 51741142 | O94: 27.100142 | P94: 26.243893 | Q94: 52609602 | R94: 26.95833 | S94: 53980023 | T94: 62995885 | U94: 22-Dec-25 | V94: PERP.PA | W94: 1 | X94: 76.9 | Y94: 81.22 | Z94: 0.8 | AA94: 1.6391443e+10 | AB94: =_xlfn.XLOOKUP(E94,[2]generation_steps!$C$2:$C$5101,[2]generation_steps!$G$2:$G$5101) -> 1.6391443e+10 | AC94: 17.440198 | AD94: 0 | AE94: 0 | AF94: 17.440198 | AG94: 2 | AH94: 0 | AI94: 0 | AJ94: 0 | AK94: 0 | AL94: 0 | AM94: 0 | AN94: 0 | AO94: 0 | AP94: 0 | AQ94: 0 | AR94: FALSE | AS94: FALSE | AT94: FALSE | AU94: FALSE | AV94: FALSE | AW94: FALSE | AX94: FALSE | AY94: FALSE | AZ94: FALSE | BA94: FALSE | BB94: FALSE | BC94: FALSE | BD94: FALSE | BE94: FALSE
A95: 86 | B95: DTG-DE | C95: DAIMLER TRUCK HLDNG | E95: DE000DTR0CK8 | F95: XETR | G95: 765600400 | H95: 35.55 | I95: EUR | J95: 52595254 | K95: 44550194 | N95: 44311122 | O95: 30.24823 | P95: 29.740227 | Q95: 42833332 | R95: 31.390463 | S95: 40637190 | T95: 47356527 | U95: 22-Dec-25 | V95: DTGGe.DE | W95: 1 | X95: 37.41 | Y95: 35.55 | Z95: 0.6 | AA95: 16330256532 | AB95: =_xlfn.XLOOKUP(E95,[2]generation_steps!$C$2:$C$5101,[2]generation_steps!$G$2:$G$5101) -> 16330256532 | AC95: 20.012175 | AD95: 0 | AE95: 0 | AF95: 20.012175 | AG95: 3 | AH95: 1 | AI95: 0 | AJ95: 0 | AK95: 0 | AL95: 0 | AM95: 0 | AN95: 0 | AO95: 0 | AP95: 0 | AQ95: 0 | AR95: FALSE | AS95: FALSE | AT95: FALSE | AU95: FALSE | AV95: FALSE | AW95: FALSE | AX95: FALSE | AY95: FALSE | AZ95: FALSE | BA95: FALSE | BB95: FALSE | BC95: FALSE | BD95: FALSE | BE95: FALSE
A96: 5 | B96: ABN-NL | C96: ABN AMRO BANK N.V. | E96: NL0011540547 | F96: XAMS | G96: 597116328 | H96: 26.89 | I96: EUR | J96: 62479204 | K96: 60705310 | N96: 64391117 | O96: 22.814224 | P96: 23.861288 | Q96: 62986227 | R96: 26.86613 | S96: 63475443 | T96: 74011533 | U96: 22-Dec-25 | V96: ABNd.AS | W96: 1 | X96: 29.12 | Y96: 26.89 | Z96: 1 | AA96: 1.6056458e+10 | AB96: =_xlfn.XLOOKUP(E96,[2]generation_steps!$C$2:$C$5101,[2]generation_steps!$G$2:$G$5101) -> 1.6056458e+10 | AC96: 14.145159 | AD96: 0 | AE96: 0 | AF96: 14.145159 | AG96: 2 | AH96: 0 | AI96: 0 | AJ96: 0 | AK96: 0 | AL96: 0 | AM96: 0 | AN96: 0 | AO96: 0 | AP96: 0 | AQ96: 0 | AR96: FALSE | AS96: FALSE | AT96: FALSE | AU96: FALSE | AV96: FALSE | AW96: FALSE | AX96: FALSE | AY96: FALSE | AZ96: FALSE | BA96: FALSE | BB96: FALSE | BC96: FALSE | BD96: FALSE | BE96: FALSE
A97: 89 | B97: DSY-FR | C97: DASSAULT SYSTEMES | E97: FR0014003TT8 | F97: XPAR | G97: 1341456065 | H97: 23.49 | I97: EUR | J97: 53612171 | K97: 50799496 | N97: 49073401 | O97: 29.123844 | P97: 31.38166 | Q97: 48129517 | R97: 29.081903 | S97: 50366548 | T97: 58683001 | U97: 22-Dec-25 | V97: DAST.PA | W97: 1 | X97: 23.39 | Y97: 23.49 | Z97: 0.5 | AA97: 1.5755401e+10 | AB97: =_xlfn.XLOOKUP(E97,[2]generation_steps!$C$2:$C$5101,[2]generation_steps!$G$2:$G$5101) -> 1.5755401e+10 | AC97: 12.84444 | AD97: 0 | AE97: 0 | AF97: 12.84444 | AG97: 0 | AH97: 0 | AI97: 0 | AJ97: 0 | AK97: 0 | AL97: 0 | AM97: 0 | AN97: 0 | AO97: 0 | AP97: 0 | AQ97: 0 | AR97: FALSE | AS97: FALSE | AT97: FALSE | AU97: FALSE | AV97: FALSE | AW97: FALSE | AX97: FALSE | AY97: FALSE | AZ97: FALSE | BA97: FALSE | BB97: FALSE | BC97: FALSE | BD97: FALSE | BE97: FALSE
A98: 50 | B98: SAB-ES | C98: BANCO DE SABADELL | E98: ES0113860A34 | F98: XMAD | G98: 5023677700 | H98: 3.094 | I98: EUR | J98: 42258777 | K98: 52006493 | N98: 46430483 | O98: 28.580698 | P98: 29.244661 | Q98: 48183965 | R98: 32.88321 | S98: 48883824 | T98: 57007827 | U98: 22-Dec-25 | V98: SABE.MC | W98: 1 | X98: 3.339 | Y98: 3.094 | Z98: 1 | AA98: 1.5543259e+10 | AB98: =_xlfn.XLOOKUP(E98,[2]generation_steps!$C$2:$C$5101,[2]generation_steps!$G$2:$G$5101) -> 1.5543259e+10 | AC98: 13.376625 | AD98: 0 | AE98: 0 | AF98: 13.376625 | AG98: 2 | AH98: 0 | AI98: 0 | AJ98: 0 | AK98: 0 | AL98: 0 | AM98: 0 | AN98: 0 | AO98: 0 | AP98: 0 | AQ98: 0 | AR98: FALSE | AS98: FALSE | AT98: FALSE | AU98: FALSE | AV98: FALSE | AW98: FALSE | AX98: FALSE | AY98: FALSE | AZ98: FALSE | BA98: FALSE | BB98: FALSE | BC98: FALSE | BD98: FALSE | BE98: FALSE
A99: 202 | B99: NN-NL | C99: NN GROUP | E99: NL0010773842 | F99: XAMS | G99: 269000000 | H99: 60.62 | I99: EUR | J99: 39571077 | K99: 27579732 | N99: 35065780 | O99: 15.632864 | P99: 16.346111 | Q99: 32862379 | R99: 19.825169 | S99: 31486046 | T99: 36729281 | U99: 22-Dec-25 | V99: NN.AS | W99: 1 | X99: 64.18 | Y99: 60.62 | Z99: 0.95 | AA99: 15491441000 | AB99: =_xlfn.XLOOKUP(E99,[2]generation_steps!$C$2:$C$5101,[2]generation_steps!$G$2:$G$5101) -> 15491441000 | AC99: 16.160325 | AD99: 0 | AE99: 0 | AF99: 16.160325 | AG99: 2 | AH99: 0 | AI99: 0 | AJ99: 0 | AK99: 0 | AL99: 0 | AM99: 0 | AN99: 0 | AO99: 0 | AP99: 0 | AQ99: 0 | AR99: FALSE | AS99: FALSE | AT99: FALSE | AU99: FALSE | AV99: FALSE | AW99: FALSE | AX99: FALSE | AY99: FALSE | AZ99: FALSE | BA99: FALSE | BB99: FALSE | BC99: FALSE | BD99: FALSE | BE99: FALSE
A100: 76 | B100: CLNX-ES | C100: CELLNEX TELECOM | E100: ES0105066007 | F100: XMAD | G100: 706475400 | H100: 25.63 | I100: EUR | J100: 38450300 | K100: 44715687 | N100: 31797455 | O100: 20.98346 | P100: 21.673153 | Q100: 30198140 | R100: 25.224396 | S100: 30521395 | T100: 35548691 | U100: 22-Dec-25 | V100: CLNX.MC | W100: 1 | X100: 25.65 | Y100: 25.63 | Z100: 0.85 | AA100: 1.539092e+10 | AB100: =_xlfn.XLOOKUP(E100,[2]generation_steps!$C$2:$C$5101,[2]generation_steps!$G$2:$G$5101) -> 1.539092e+10 | AC100: 13.33115 | AD100: 0 | AE100: 0 | AF100: 13.33115 | AG100: 0 | AH100: 0 | AI100: 0 | AJ100: 0 | AK100: 0 | AL100: 0 | AM100: 0 | AN100: 0 | AO100: 0 | AP100: 0 | AQ100: 0 | AR100: FALSE | AS100: FALSE | AT100: FALSE | AU100: FALSE | AV100: FALSE | AW100: FALSE | AX100: FALSE | AY100: FALSE | AZ100: FALSE | BA100: FALSE | BB100: FALSE | BC100: FALSE | BD100: FALSE | BE100: FALSE
A101: 141 | B101: HNR1-DE | C101: HANNOVER RUECK SE | E101: DE0008402215 | F101: XETR | G101: 120597140 | H101: 254.6 | I101: EUR | J101: 27907165 | K101: 26163773 | N101: 24838025 | O101: 18.355082 | P101: 19.463856 | Q101: 25449524 | R101: 22.801619 | S101: 25959880 | T101: 30252379 | U101: 22-Dec-25 | V101: HNRGn.DE | W101: 1 | X101: 261.2 | Y101: 254.6 | Z101: 0.5 | AA101: 15352015922 | AB101: =_xlfn.XLOOKUP(E101,[2]generation_steps!$C$2:$C$5101,[2]generation_steps!$G$2:$G$5101) -> 15352015922 | AC101: 16.300641 | AD101: 0 | AE101: 0 | AF101: 16.300641 | AG101: 0 | AH101: 0 | AI101: 0 | AJ101: 0 | AK101: 0 | AL101: 0 | AM101: 0 | AN101: 0 | AO101: 0 | AP101: 0 | AQ101: 0 | AR101: FALSE | AS101: FALSE | AT101: FALSE | AU101: FALSE | AV101: FALSE | AW101: FALSE | AX101: FALSE | AY101: FALSE | AZ101: FALSE | BA101: FALSE | BB101: FALSE | BC101: FALSE | BD101: FALSE | BE101: FALSE
A102: 176 | B102: KPN-NL | C102: KPN KON | E102: NL0000009082 | F102: XAMS | G102: 3888930422 | H102: 3.93 | I102: EUR | J102: 35658391 | K102: 32373196 | N102: 35087463 | O102: 15.176304 | P102: 15.927899 | Q102: 33374075 | R102: 17.283167 | S102: 32497206 | T102: 37882663 | U102: 22-Dec-25 | V102: KPN.AS | W102: 1 | X102: 3.897 | Y102: 3.93 | Z102: 1 | AA102: 1.5283497e+10 | AB102: =_xlfn.XLOOKUP(E102,[2]generation_steps!$C$2:$C$5101,[2]generation_steps!$G$2:$G$5101) -> 1.5283497e+10 | AC102: 17.805931 | AD102: 0 | AE102: 0 | AF102: 17.805931 | AG102: 2 | AH102: 0 | AI102: 0 | AJ102: 0 | AK102: 0 | AL102: 0 | AM102: 0 | AN102: 0 | AO102: 0 | AP102: 0 | AQ102: 0 | AR102: FALSE | AS102: FALSE | AT102: FALSE | AU102: FALSE | AV102: FALSE | AW102: FALSE | AX102: FALSE | AY102: FALSE | AZ102: FALSE | BA102: FALSE | BB102: FALSE | BC102: FALSE | BD102: FALSE | BE102: FALSE
... A153: 199 | B153: NESTE-FI | C153: NESTE OIL OYJ | E153: FI0009013296 | F153: XHEL | G153: 769211060 | H153: 16.725 | I153: EUR | J153: 24419470 | K153: 21349515 | N153: 22538713 | O153: 40.38932 | P153: 39.816174 | Q153: 20441556 | R153: 44.044815 | S153: 21570649 | T153: 25132209 | U153: 22-Dec-25 | V153: NESTE.HE | W153: 1 | X153: 18.215 | Y153: 16.725 | Z153: 0.55 | AA153: 7.0757802e+09 | AB153: =_xlfn.XLOOKUP(E153,[2]generation_steps!$C$2:$C$5101,[2]generation_steps!$G$2:$G$5101) -> 7.0757802e+09 | AC153: 26.099279 | AD153: 0 | AE153: 0 | AF153: 26.099279 | AG153: 2 | AH153: 0 | AI153: 0 | AJ153: 0 | AK153: 0 | AL153: 0 | AM153: 0 | AN153: 0 | AO153: 0 | AP153: 0 | AQ153: 0 | AR153: FALSE | AS153: FALSE | AT153: FALSE | AU153: FALSE | AV153: FALSE | AW153: FALSE | AX153: FALSE | AY153: FALSE | AZ153: FALSE | BA153: FALSE | BB153: FALSE | BC153: FALSE | BD153: FALSE | BE153: FALSE
A154: 207 | B154: OMV-AT | C154: OMV AG | E154: AT0000743059 | F154: WBAH | G154: 327272740 | H154: 47.86 | I154: EUR | J154: 18842573 | K154: 15597631 | N154: 16669788 | O154: 23.819239 | P154: 17.926954 | Q154: 14995040 | R154: 24.09375 | S154: 15422104 | T154: 17979998 | U154: 22-Dec-25 | V154: OMVV.VI | W154: 1 | X154: 46.2 | Y154: 47.86 | Z154: 0.45 | AA154: 7.048473e+09 | AB154: =_xlfn.XLOOKUP(E154,[2]generation_steps!$C$2:$C$5101,[2]generation_steps!$G$2:$G$5101) -> 7.048473e+09 | AC154: 30.189755 | AD154: 0 | AE154: 0 | AF154: 30.189755 | AG154: 2 | AH154: 0 | AI154: 0 | AJ154: 0 | AK154: SE1 | AL154: 0 | AM154: 0 | AN154: 0 | AO154: 0 | AP154: 0 | AQ154: 1 | AR154: FALSE | AS154: FALSE | AT154: FALSE | AU154: FALSE | AV154: FALSE | AW154: FALSE | AX154: FALSE | AY154: FALSE | AZ154: FALSE | BA154: FALSE | BB154: FALSE | BC154: FALSE | BD154: FALSE | BE154: FALSE
A155: 265 | B155: TLX-DE | C155: TALANX AG | E155: DE000TLX1005 | F155: XETR | G155: 258229000 | H155: 108.4 | I155: EUR | J155: 11423268 | K155: 12567345 | N155: 11333177 | O155: 22.54348 | P155: 24.115028 | Q155: 10959342 | R155: 27.561188 | S155: 11651616 | T155: 13575572 | U155: 22-Dec-25 | V155: TLXGn.DE | W155: 1 | X155: 111.3 | Y155: 108.4 | Z155: 0.25 | AA155: 6998005900 | AB155: =_xlfn.XLOOKUP(E155,[2]generation_steps!$C$2:$C$5101,[2]generation_steps!$G$2:$G$5101) -> 6998005900 | AC155: 19.596866 | AD155: 0 | AE155: 0 | AF155: 19.596866 | AG155: 2 | AH155: 0 | AI155: 0 | AJ155: 0 | AK155: 0 | AL155: 0 | AM155: 0 | AN155: 0 | AO155: 0 | AP155: 0 | AQ155: 0 | AR155: FALSE | AS155: FALSE | AT155: FALSE | AU155: FALSE | AV155: FALSE | AW155: FALSE | AX155: FALSE | AY155: FALSE | AZ155: FALSE | BA155: FALSE | BB155: FALSE | BC155: FALSE | BD155: FALSE | BE155: FALSE
A156: 230 | B156: RXL-FR | C156: REXEL | E156: FR0010451203 | F156: XPAR | G156: 299036619 | H156: 30.81 | I156: EUR | J156: 17441069 | K156: 27420409 | N156: 18436869 | O156: 24.821928 | P156: 24.891577 | Q156: 20052147 | R156: 30.508102 | S156: 22394472 | T156: 26077579 | U156: 22-Dec-25 | V156: RXL.PA | W156: 1 | X156: 32.86 | Y156: 30.81 | Z156: 0.75 | AA156: 6.9099887e+09 | AB156: =_xlfn.XLOOKUP(E156,[2]generation_steps!$C$2:$C$5101,[2]generation_steps!$G$2:$G$5101) -> 6.9099887e+09 | AC156: 13.026388 | AD156: 0 | AE156: 0 | AF156: 13.026388 | AG156: 2 | AH156: 0 | AI156: 0 | AJ156: 0 | AK156: 0 | AL156: 0 | AM156: 0 | AN156: 0 | AO156: 0 | AP156: 0 | AQ156: 0 | AR156: FALSE | AS156: FALSE | AT156: FALSE | AU156: FALSE | AV156: FALSE | AW156: FALSE | AX156: FALSE | AY156: FALSE | AZ156: FALSE | BA156: FALSE | BB156: FALSE | BC156: FALSE | BD156: FALSE | BE156: FALSE
A157: 79 | B157: CON-DE | C157: CONTINENTAL AG | E157: DE0005439004 | F157: XETR | G157: 200005980 | H157: 62.74 | I157: EUR | J157: 31100613 | K157: 34426395 | N157: 31231244 | O157: 26.616507 | P157: 27.98447 | Q157: 30871654 | R157: 28.186989 | S157: 35230529 | T157: 41084453 | U157: 22-Dec-25 | V157: CONG.DE | W157: 1 | X157: 66.52 | Y157: 62.74 | Z157: 0.55 | AA157: 6.9016064e+09 | AB157: =_xlfn.XLOOKUP(E157,[2]generation_steps!$C$2:$C$5101,[2]generation_steps!$G$2:$G$5101) -> 6.9016064e+09 | AC157: 21.61647 | AD157: 0 | AE157: 0 | AF157: 21.61647 | AG157: 2 | AH157: 0 | AI157: 0 | AJ157: 0 | AK157: 0 | AL157: 0 | AM157: 0 | AN157: 0 | AO157: 0 | AP157: 0 | AQ157: 0 | AR157: FALSE | AS157: FALSE | AT157: FALSE | AU157: FALSE | AV157: FALSE | AW157: FALSE | AX157: FALSE | AY157: FALSE | AZ157: FALSE | BA157: FALSE | BB157: FALSE | BC157: FALSE | BD157: FALSE | BE157: FALSE
A158: 114 | B158: ERF-FR | C158: EUROFINS SCIENT. | E158: FR0014000MR3 | F158: XPAR | G158: 182163000 | H158: 57.78 | I158: EUR | J158: 18993259 | K158: 12830068 | N158: 17759378 | O158: 22.78565 | P158: 23.707243 | Q158: 16505615 | R158: 28.44937 | S158: 16100546 | T158: 18760218 | U158: 22-Dec-25 | V158: EUFI.PA | W158: 1 | X158: 58.3 | Y158: 57.78 | Z158: 0.65 | AA158: 6841495791 | AB158: =_xlfn.XLOOKUP(E158,[2]generation_steps!$C$2:$C$5101,[2]generation_steps!$G$2:$G$5101) -> 6841495791 | AC158: 17.618419 | AD158: 0 | AE158: 0 | AF158: 17.618419 | AG158: 2 | AH158: 0 | AI158: 0 | AJ158: 0 | AK158: 0 | AL158: 0 | AM158: 0 | AN158: 0 | AO158: 0 | AP158: 0 | AQ158: 0 | AR158: FALSE | AS158: FALSE | AT158: FALSE | AU158: FALSE | AV158: FALSE | AW158: FALSE | AX158: FALSE | AY158: FALSE | AZ158: FALSE | BA158: FALSE | BB158: FALSE | BC158: FALSE | BD158: FALSE | BE158: FALSE
A159: 258 | B159: SPIE-FR | C159: SPIE | E159: FR0012757854 | F159: XPAR | G159: 168073514 | H159: 43.88 | I159: EUR | J159: 14289435 | K159: 16826309 | N159: 16363783 | O159: 22.219112 | P159: 23.511007 | Q159: 16922746 | R159: 24.113453 | S159: 17836971 | T159: 20802082 | U159: 22-Dec-25 | V159: SPIE.PA | W159: 1 | X159: 48.66 | Y159: 43.88 | Z159: 0.9 | AA159: 6.6375592e+09 | AB159: =_xlfn.XLOOKUP(E159,[2]generation_steps!$C$2:$C$5101,[2]generation_steps!$G$2:$G$5101) -> 6.6375592e+09 | AC159: 9.5158125 | AD159: 0 | AE159: 0 | AF159: 9.5158125 | AG159: 2 | AH159: 0 | AI159: 0 | AJ159: 0 | AK159: 0 | AL159: 0 | AM159: 0 | AN159: 0 | AO159: 0 | AP159: 0 | AQ159: 0 | AR159: FALSE | AS159: FALSE | AT159: FALSE | AU159: FALSE | AV159: FALSE | AW159: FALSE | AX159: FALSE | AY159: FALSE | AZ159: FALSE | BA159: FALSE | BB159: FALSE | BC159: FALSE | BD159: FALSE | BE159: FALSE
A160: 226 | B160: RNO-FR | C160: RENAULT | E160: FR0000131906 | F160: XPAR | G160: 295722284 | H160: 34.32 | I160: EUR | J160: 45622596 | K160: 36855499 | N160: 42389916 | O160: 38.844563 | P160: 39.254604 | Q160: 40778257 | R160: 36.397713 | S160: 36942796 | T160: 43064169 | U160: 22-Dec-25 | V160: RENA.PA | W160: 1 | X160: 36.69 | Y160: 34.32 | Z160: 0.65 | AA160: 6.5969727e+09 | AB160: =_xlfn.XLOOKUP(E160,[2]generation_steps!$C$2:$C$5101,[2]generation_steps!$G$2:$G$5101) -> 6.5969727e+09 | AC160: 18.86125 | AD160: 0 | AE160: 0 | AF160: 18.86125 | AG160: 3 | AH160: 0 | AI160: 0 | AJ160: 0 | AK160: 0 | AL160: 0 | AM160: 0 | AN160: 0 | AO160: 0 | AP160: 0 | AQ160: 0 | AR160: FALSE | AS160: FALSE | AT160: FALSE | AU160: FALSE | AV160: FALSE | AW160: FALSE | AX160: FALSE | AY160: FALSE | AZ160: FALSE | BA160: FALSE | BB160: FALSE | BC160: FALSE | BD160: FALSE | BE160: FALSE
A161: 117 | B161: EXO-NL | C161: EXOR NV | E161: NL0012059018 | F161: XAMS | G161: 207779752 | H161: 70.45 | I161: EUR | J161: 16136345 | K161: 14137701 | N161: 15281437 | O161: 24.417305 | P161: 24.951609 | Q161: 15558977 | R161: 25.376162 | S161: 17027083 | T161: 19831143 | U161: 22-Dec-25 | V161: EXOR.AS | W161: 1 | X161: 72.3 | Y161: 70.45 | Z161: 0.45 | AA161: 6.5871376e+09 | AB161: =_xlfn.XLOOKUP(E161,[2]generation_steps!$C$2:$C$5101,[2]generation_steps!$G$2:$G$5101) -> 6.5871376e+09 | AC161: 15.086639 | AD161: 0 | AE161: 0 | AF161: 15.086639 | AG161: 2 | AH161: 0 | AI161: 0 | AJ161: 0 | AK161: 0 | AL161: 0 | AM161: 0 | AN161: 0 | AO161: 0 | AP161: 0 | AQ161: 0 | AR161: FALSE | AS161: FALSE | AT161: FALSE | AU161: FALSE | AV161: FALSE | AW161: FALSE | AX161: FALSE | AY161: FALSE | AZ161: FALSE | BA161: FALSE | BB161: FALSE | BC161: FALSE | BD161: FALSE | BE161: FALSE
A162: 209 | B162: ORNBV-FI | C162: ORION OYJ CLASS B | E162: FI0009014377 | F162: XHEL | G162: 109292460 | H162: 59.95 | I162: EUR | J162: 12719608 | K162: 13465058 | N162: 13606497 | O162: 28.161732 | P162: 30.191778 | Q162: 13163966 | R162: 31.369932 | S162: 13479906 | T162: 15704445 | U162: 22-Dec-25 | V162: ORNBV.HE | W162: 1 | X162: 61.55 | Y162: 59.95 | Z162: 1 | AA162: 6552082977 | AB162: =_xlfn.XLOOKUP(E162,[2]generation_steps!$C$2:$C$5101,[2]generation_steps!$G$2:$G$5101) -> 6552082977 | AC162: 20.441443 | AD162: 0 | AE162: 0 | AF162: 20.441443 | AG162: 0 | AH162: 0 | AI162: 0 | AJ162: 0 | AK162: 0 | AL162: 0 | AM162: 0 | AN162: 0 | AO162: 0 | AP162: 0 | AQ162: 0 | AR162: FALSE | AS162: FALSE | AT162: FALSE | AU162: FALSE | AV162: FALSE | AW162: FALSE | AX162: FALSE | AY162: FALSE | AZ162: FALSE | BA162: FALSE | BB162: FALSE | BC162: FALSE | BD162: FALSE | BE162: FALSE
A163: 270 | B163: TEN-IT | C163: TENARIS | E163: LU2598331598 | F163: MTAA | G163: 1071994930 | H163: 17.175 | I163: EUR | J163: 36836182 | K163: 28335292 | N163: 31805866 | O163: 25.243343 | P163: 25.267416 | Q163: 28743978 | R163: 29.72518 | S163: 30481411 | T163: 35524319 | U163: 22-Dec-25 | V163: TENR.MI | W163: 1 | X163: 16.79 | Y163: 17.175 | Z163: 0.35 | AA163: 6.4440295e+09 | AB163: =_xlfn.XLOOKUP(E163,[2]generation_steps!$C$2:$C$5101,[2]generation_steps!$G$2:$G$5101) -> 6.4440295e+09 | AC163: 23.667702 | AD163: 0 | AE163: 0 | AF163: 23.667702 | AG163: 2 | AH163: 0 | AI163: 0 | AJ163: 0 | AK163: 0 | AL163: 0 | AM163: 0 | AN163: 0 | AO163: 0 | AP163: 0 | AQ163: 0 | AR163: FALSE | AS163: FALSE | AT163: FALSE | AU163: FALSE | AV163: FALSE | AW163: FALSE | AX163: FALSE | AY163: FALSE | AZ163: FALSE | BA163: FALSE | BB163: FALSE | BC163: FALSE | BD163: FALSE | BE163: FALSE
A164: 197 | B164: NTGY-ES | C164: NATURGY ENERGY GROUP | E164: ES0116870314 | F164: XMAD | G164: 969613830 | H164: 26.42 | I164: EUR | J164: 13852216 | K164: 37344411 | N164: 19505923 | O164: 18.60859 | P164: 19.72651 | Q164: 22175621 | R164: 19.160486 | S164: 26224196 | T164: 30508957 | U164: 22-Dec-25 | V164: NTGY.MC | W164: 1 | X164: 24.56 | Y164: 26.42 | Z164: 0.25 | AA164: 6.4042993e+09 | AB164: =_xlfn.XLOOKUP(E164,[2]generation_steps!$C$2:$C$5101,[2]generation_steps!$G$2:$G$5101) -> 6.4042993e+09 | AC164: 17.660402 | AD164: 0 | AE164: 0 | AF164: 17.660402 | AG164: 2 | AH164: 0 | AI164: 0 | AJ164: 0 | AK164: 0 | AL164: 0 | AM164: 0 | AN164: 0 | AO164: 0 | AP164: 0 | AQ164: 0 | AR164: FALSE | AS164: FALSE | AT164: FALSE | AU164: FALSE | AV164: FALSE | AW164: FALSE | AX164: FALSE | AY164: FALSE | AZ164: FALSE | BA164: FALSE | BB164: FALSE | BC164: FALSE | BD164: FALSE | BE164: FALSE
A165: 139 | B165: GTT-FR | C165: GTT | E165: FR0011726835 | F165: XPAR | G165: 37117772 | H165: 171.5 | I165: EUR | J165: 14814529 | K165: 16908998 | N165: 14393985 | O165: 24.652319 | P165: 25.923399 | Q165: 14132908 | R165: 25.450111 | S165: 14928211 | T165: 17392151 | U165: 22-Dec-25 | V165: GTT.PA | W165: 1 | X165: 157.7 | Y165: 171.5 | Z165: 1 | AA165: 6365697898 | AB165: =_xlfn.XLOOKUP(E165,[2]generation_steps!$C$2:$C$5101,[2]generation_steps!$G$2:$G$5101) -> 6365697898 | AC165: 21.917622 | AD165: 0 | AE165: 0 | AF165: 21.917622 | AG165: 0 | AH165: 0 | AI165: 0 | AJ165: 0 | AK165: 0 | AL165: 0 | AM165: 0 | AN165: 0 | AO165: 0 | AP165: 0 | AQ165: 0 | AR165: FALSE | AS165: FALSE | AT165: FALSE | AU165: FALSE | AV165: FALSE | AW165: FALSE | AX165: FALSE | AY165: FALSE | AZ165: FALSE | BA165: FALSE | BB165: FALSE | BC165: FALSE | BD165: FALSE | BE165: FALSE
A166: 247 | B166: G24-DE | C166: SCOUT24 SE | E166: DE000A12DM80 | F166: XETR | G166: 75000000 | H166: 88.65 | I166: EUR | J166: 18585919 | K166: 19839267 | N166: 20170685 | O166: 22.325441 | P166: 23.42882 | Q166: 20861950 | R166: 23.955051 | S166: 23896968 | T166: 27893833 | U166: 22-Dec-25 | V166: G24n.DE | W166: 1 | X166: 85.85 | Y166: 88.65 | Z166: 0.95 | AA166: 6316312500 | AB166: =_xlfn.XLOOKUP(E166,[2]generation_steps!$C$2:$C$5101,[2]generation_steps!$G$2:$G$5101) -> 6316312500 | AC166: 14.205575 | AD166: 0 | AE166: 0 | AF166: 14.205575 | AG166: 1 | AH166: 0 | AI166: 0 | AJ166: 0 | AK166: 0 | AL166: 0 | AM166: 0 | AN166: 0 | AO166: 0 | AP166: 0 | AQ166: 0 | AR166: FALSE | AS166: FALSE | AT166: FALSE | AU166: FALSE | AV166: FALSE | AW166: FALSE | AX166: FALSE | AY166: FALSE | AZ166: FALSE | BA166: FALSE | BB166: FALSE | BC166: FALSE | BD166: FALSE | BE166: FALSE
... A202: 220 | B202: RBI-AT | C202: RAIFFEISEN BANK INTL | E202: AT0000606306 | F202: WBAH | G202: 328939640 | H202: 33 | I202: EUR | J202: 9669850.3 | K202: 11313381 | N202: 9036298.2 | O202: 37.912117 | P202: 40.187565 | Q202: 9893756.8 | R202: 40.06445 | S202: 9685565.2 | T202: 11284590 | U202: 22-Dec-25 | V202: RBIV.VI | W202: 1 | X202: 37.74 | Y202: 33 | Z202: 0.4 | AA202: 4342003248 | AB202: =_xlfn.XLOOKUP(E202,[2]generation_steps!$C$2:$C$5101,[2]generation_steps!$G$2:$G$5101) -> 4342003248 | AC202: 17.11291 | AD202: 0 | AE202: 0 | AF202: 17.11291 | AG202: 2 | AH202: 0 | AI202: 0 | AJ202: 0 | AK202: 0 | AL202: 0 | AM202: 0 | AN202: 0 | AO202: 0 | AP202: 0 | AQ202: 0 | AR202: FALSE | AS202: FALSE | AT202: FALSE | AU202: FALSE | AV202: FALSE | AW202: FALSE | AX202: FALSE | AY202: FALSE | AZ202: FALSE | BA202: FALSE | BB202: FALSE | BC202: FALSE | BD202: FALSE | BE202: FALSE
A203: 227 | B203: R3NK-DE | C203: RENK GROUP | E203: DE000RENK730 | F203: XETR | G203: 100000000 | H203: 50.86 | I203: EUR | J203: 61430635 | K203: 42935216 | N203: 75259848 | O203: 55.012714 | P203: 52.51135 | Q203: 60812996 | R203: 62.250744 | S203: 54480743 | T203: 63562657 | U203: 22-Dec-25 | V203: R3NK.DE | W203: 1 | X203: 51.62 | Y203: 50.86 | Z203: 0.85 | AA203: 4323100000 | AB203: =_xlfn.XLOOKUP(E203,[2]generation_steps!$C$2:$C$5101,[2]generation_steps!$G$2:$G$5101) -> 4323100000 | AD203: 0 | AE203: 0 | AG203: 0 | AH203: 0 | AI203: 4 | AJ203: 0 | AK203: 0 | AL203: 0 | AM203: 0 | AN203: 0 | AO203: 0 | AP203: 0 | AQ203: 0 | AR203: FALSE | AS203: FALSE | AT203: FALSE | AU203: TRUE | AV203: FALSE | AW203: FALSE | AX203: FALSE | AY203: FALSE | AZ203: FALSE | BA203: FALSE | BB203: FALSE | BC203: FALSE | BD203: FALSE | BE203: TRUE
A204: 171 | B204: KGX-DE | C204: KION GROUP AG | E204: DE000KGX8881 | F204: XETR | G204: 131198650 | H204: 59.3 | I204: EUR | J204: 14136262 | K204: 14126804 | N204: 14086859 | O204: 34.96485 | P204: 35.20294 | Q204: 14544350 | R204: 39.721996 | S204: 13000385 | T204: 15137431 | U204: 22-Dec-25 | V204: KGX.DE | W204: 1 | X204: 63.7 | Y204: 59.3 | Z204: 0.55 | AA204: 4.279044e+09 | AB204: =_xlfn.XLOOKUP(E204,[2]generation_steps!$C$2:$C$5101,[2]generation_steps!$G$2:$G$5101) -> 4.279044e+09 | AC204: 24.463117 | AD204: 0 | AE204: 0 | AF204: 24.463117 | AG204: 1 | AH204: 0 | AI204: 0 | AJ204: 0 | AK204: 0 | AL204: 0 | AM204: 0 | AN204: 0 | AO204: 0 | AP204: 0 | AQ204: 0 | AR204: FALSE | AS204: FALSE | AT204: FALSE | AU204: FALSE | AV204: FALSE | AW204: FALSE | AX204: FALSE | AY204: FALSE | AZ204: FALSE | BA204: FALSE | BB204: FALSE | BC204: FALSE | BD204: FALSE | BE204: FALSE
A205: 160 | B205: IPN-FR | C205: IPSEN | E205: FR0010259150 | F205: XPAR | G205: 83814526 | H205: 127.1 | I205: EUR | J205: 8360941 | K205: 9404201.1 | N205: 8024828.7 | O205: 23.903166 | P205: 25.479548 | Q205: 8187489.6 | R205: 27.127613 | S205: 8723568.6 | T205: 10164291 | U205: 22-Dec-25 | V205: IPN.PA | W205: 1 | X205: 120.6 | Y205: 127.1 | Z205: 0.4 | AA205: 4.2611305e+09 | AB205: =_xlfn.XLOOKUP(E205,[2]generation_steps!$C$2:$C$5101,[2]generation_steps!$G$2:$G$5101) -> 4.2611305e+09 | AC205: 21.926671 | AD205: 0 | AE205: 0 | AF205: 21.926671 | AG205: 1 | AH205: 0 | AI205: 0 | AJ205: 0 | AK205: 0 | AL205: 0 | AM205: 0 | AN205: 0 | AO205: 0 | AP205: 0 | AQ205: 0 | AR205: FALSE | AS205: FALSE | AT205: FALSE | AU205: FALSE | AV205: FALSE | AW205: FALSE | AX205: FALSE | AY205: FALSE | AZ205: FALSE | BA205: FALSE | BB205: FALSE | BC205: FALSE | BD205: FALSE | BE205: FALSE
A206: 290 | B206: VER-AT | C206: VERBUND AG | E206: AT0000746409 | F206: WBAH | G206: 170233686 | H206: 62.4 | I206: EUR | J206: 8485253.6 | K206: 8902790.6 | N206: 7858322.4 | O206: 19.9724 | P206: 20.681845 | Q206: 7388560.2 | R206: 22.619673 | S206: 7774778.8 | T206: 9060374 | U206: 22-Dec-25 | V206: VERB.VI | W206: 1 | X206: 60.9 | Y206: 62.4 | Z206: 0.4 | AA206: 4.2490328e+09 | AB206: =_xlfn.XLOOKUP(E206,[2]generation_steps!$C$2:$C$5101,[2]generation_steps!$G$2:$G$5101) -> 4.2490328e+09 | AC206: 20.104956 | AD206: 0 | AE206: 0 | AF206: 20.104956 | AG206: 1 | AH206: 0 | AI206: 0 | AJ206: 0 | AK206: 0 | AL206: 0 | AM206: 0 | AN206: 0 | AO206: 0 | AP206: 0 | AQ206: 0 | AR206: FALSE | AS206: FALSE | AT206: FALSE | AU206: FALSE | AV206: FALSE | AW206: FALSE | AX206: FALSE | AY206: FALSE | AZ206: FALSE | BA206: FALSE | BB206: FALSE | BC206: FALSE | BD206: FALSE | BE206: FALSE
A207: 273 | B207: TKA-DE | C207: THYSSENKRUPP AG | E207: DE0007500001 | F207: XETR | G207: 622531741 | H207: 8.476 | I207: EUR | J207: 39768708 | K207: 20966147 | N207: 34010981 | O207: 46.996517 | P207: 47.914143 | Q207: 34160945 | R207: 53.88825 | S207: 32841208 | T207: 38324643 | U207: 22-Dec-25 | V207: TKAG.DE | W207: 1 | X207: 8.862 | Y207: 8.476 | Z207: 0.8 | AA207: 4.2212632e+09 | AB207: =_xlfn.XLOOKUP(E207,[2]generation_steps!$C$2:$C$5101,[2]generation_steps!$G$2:$G$5101) -> 4.2212632e+09 | AC207: 39.500116 | AD207: 0 | AE207: 0 | AF207: 39.500116 | AG207: 2 | AH207: 0 | AI207: 1 | AJ207: 0 | AK207: 0 | AL207: 0 | AM207: 0 | AN207: 0 | AO207: 0 | AP207: 0 | AQ207: 0 | AR207: FALSE | AS207: FALSE | AT207: FALSE | AU207: TRUE | AV207: FALSE | AW207: FALSE | AX207: FALSE | AY207: FALSE | AZ207: FALSE | BA207: FALSE | BB207: FALSE | BC207: FALSE | BD207: FALSE | BE207: TRUE
